Game Index,Game Date,School Index,Player Number,Player Name,Minutes Played,Goals Scored,Assists completed,Actions performed,Successful Actions Performed,Successful Actions / Total Actions Performed,Shots,Shots On Target,Shots / Shots on Target,Passes,Accurate Passes,Accurate Passes / Passes,Crosses,Accurate Crosses,Accurate Crosses / Crosses,Dribbles,Successful Dribbles,Successful Dribbles / Dribbles,Duels,Duels Won,"Duels / 
Duels Won",Losses,Losses in Own Half,Losses in Own Half / Losses,Recoveries,"Recoveries In 
Opponent's Half",Recoveries in Opponent's Half / Recoveries,"Touches in penalty area",Offsides,Red Cards,Yellow Cards,Defensive Duels,Defensive Duels won,Defensive Duels Won / Defensive Duels,Offensive Duels,"Offensive 
Duels won",Offensive Duels Won / Offensive Duels,Aerial Duels,Aerial Duels Won,Aerial Duels Won / Aerial Duels,Loose Balls,Loose Balls Won,Loose Balls Won / Loose Balls,"Shots 
Blocked",Interceptions,Clearances,"Interceptions /Clearances",Sliding Tackles,Sliding Tackles Won,Sliding Tackles Won / Sliding Tackles,Fouls,Fouls Suffered,Fouls Suffered / Fouls,Free Kicks,"Direct 
Free Kicks","Corners 
Served",Throw-ins,"Forward Passes","Accurate 
Forward Passes",Accurate Forward Passes / Forward Passes,Back Passes,Accurate Backward Passes,Accurate Backward Passes / Backward Passes,Lateral Passes,Accurate Lateral Passes,Accurate Lateral Passes / Lateral Passes,Short   + Medium Passes ,Accurate Short + Medium Passes,Accurate Short + Medium Passes / Short + Medium Passes,Long Passes,Accurate Long Passes,Accurate long Passes / Long Passes,Progressive Passes,Accurate Progressive Passes,Accurate Progressive Passes / Progressive Passes,Passes to Final Third,Accurate Passes to Final Third,Accurate Passes to Final Third / Passes to Final Third,Through Passes ,Accurate Through Passes,Accurate Through Passes / Through passes,Deep Completions,Key Passes,Second Assists,Third Assists,Shot Assists,Average Pass Length
1,8/25/2023,USC,2,J. Fernandez,109',0,0,86,54,0.63,1,0,0,38,33,0.87,2,1,0.5,7,4,0.57,34,16,0.47,9,8,1.13,16,2,8,0,0,0,0,6,2,0.33,13,5,0.38,5,4,0.8,10,5,0.5,0,11,8,1.38,5,1,0.2,1,1,1,2,0,0,7,21,18,0.86,0,0,0,10,9,0.9,30,28,0.93,6,4,0.67,9,6,0.67,6,5,0.83,0,0,0,0,1,0,0,1,17.6
1,8/25/2023,USC,27,J. Benz,78',0,0,51,32,0.63,0,0,0,26,20,0.77,0,0,0,0,0,0,15,9,0.6,7,4,1.75,12,4,3,0,0,0,0,10,7,0.7,2,1,0.5,2,0,0,1,1,1,2,6,6,1,0,0,0,0,0,0,0,0,0,0,17,12,0.71,1,1,1,6,6,1,20,18,0.9,6,2,0.33,11,7,0.64,4,2,0.5,0,0,0,0,0,0,0,0,22.6
1,8/25/2023,USC,25,E. Jackson,109',0,0,58,34,0.59,0,0,0,32,25,0.78,0,0,0,0,0,0,18,7,0.39,9,4,2.25,6,2,3,1,0,0,0,11,2,0.18,0,0,0,5,4,0.8,2,1,0.5,0,2,3,0.67,0,0,0,2,0,0,1,0,0,0,12,8,0.67,3,2,0.67,12,11,0.92,26,22,0.85,6,3,0.5,5,3,0.6,5,4,0.8,0,0,0,1,0,0,0,0,21.3
1,8/25/2023,USC,17,A. Cox,27',0,0,17,7,0.41,1,0,0,11,6,0.55,0,0,0,0,0,0,4,1,0.25,7,1,7,0,0,0,1,0,0,0,1,1,1,2,0,0,0,0,0,1,0,0,0,1,0,0,0,0,0,0,0,0,0,0,0,3,7,2,0.29,1,1,1,1,1,1,10,5,0.5,1,1,1,3,2,0.67,4,2,0.5,0,0,0,0,0,0,0,0,18.7
1,8/25/2023,USC,8,J. James,90',0,0,53,26,0.49,0,0,0,19,17,0.89,0,0,0,2,1,0.5,23,9,0.39,10,4,2.5,3,1,3,0,0,0,0,4,3,0.75,9,2,0.22,6,3,0.5,4,1,0.25,0,1,4,0.25,0,0,0,0,1,0,0,0,0,0,4,2,0.5,3,3,1,6,6,1,18,17,0.94,1,0,0,3,2,0.67,2,1,0.5,0,0,0,0,0,0,0,1,15
1,8/25/2023,USC,6,F. Dietrich,109',0,0,81,58,0.72,0,0,0,51,43,0.84,0,0,0,2,2,1,21,12,0.57,10,3,3.33,14,7,2,0,0,0,0,4,1,0.25,6,4,0.67,7,4,0.57,4,3,0.75,0,4,3,1.33,2,1,0.5,2,2,1,0,0,0,0,16,10,0.63,5,5,1,20,19,0.95,44,39,0.89,7,4,0.57,5,2,0.4,8,4,0.5,1,0,0,1,0,0,0,0,17.8
1,8/25/2023,USC,21,P. Pressley,82',0,0,48,18,0.38,0,0,0,15,11,0.73,1,0,0,2,1,0.5,21,6,0.29,10,5,2,2,0,0,1,0,0,1,12,4,0.33,4,1,0.25,4,1,0.25,1,0,0,0,3,2,1.5,0,0,0,4,1,4,0,0,0,0,3,2,0.67,4,3,0.75,6,4,0.67,14,11,0.79,0,0,0,2,2,1,2,1,0.5,0,0,0,1,1,0,0,3,20.8
1,8/25/2023,USC,11,J. Montero,79',0,0,68,32,0.47,3,1,0.33,27,20,0.74,1,0,0,6,3,0.5,29,10,0.34,14,4,3.5,5,1,5,2,0,0,0,6,1,0.17,15,6,0.4,4,0,0,4,3,0.75,0,1,1,1,0,0,0,2,1,2,0,0,2,0,9,8,0.89,4,3,0.75,9,7,0.78,24,18,0.75,2,2,1,7,5,0.71,3,3,1,2,2,1,2,0,0,0,0,19.8
1,8/25/2023,USC,10,B. Hall,89',0,0,67,36,0.54,1,0,0,26,18,0.69,4,0,0,10,8,0.8,28,16,0.57,12,1,12,4,1,4,2,0,0,0,10,5,0.5,15,10,0.67,3,1,0.33,0,0,0,0,1,0,0,0,0,0,2,0,0,1,0,1,0,7,5,0.71,3,3,1,10,5,0.5,19,16,0.84,3,2,0.67,5,4,0.8,4,3,0.75,0,0,0,1,1,0,0,1,23
1,8/25/2023,USC,9,A. Panaite,42',1,0,20,10,0.5,1,1,1,8,7,0.88,0,0,0,1,0,0,7,2,0.29,6,1,6,1,1,1,2,1,0,0,0,0,0,6,2,0.33,1,0,0,0,0,0,0,1,0,0,0,0,0,0,1,0,0,0,0,0,0,0,0,7,6,0.86,0,0,0,8,7,0.88,0,0,0,0,0,0,0,0,0,0,0,0,1,0,0,0,0,10
1,8/25/2023,USC,28,L. Marin,75',0,0,41,25,0.61,2,1,0.5,15,13,0.87,0,0,0,3,3,1,17,10,0.59,5,1,5,9,5,2,1,0,0,0,7,5,0.71,7,3,0.43,2,1,0.5,1,1,1,0,2,1,2,1,1,1,1,1,1,0,0,0,0,4,3,0.75,2,1,0.5,2,2,1,15,13,0.87,0,0,0,2,2,1,1,1,1,0,0,0,0,0,0,0,0,13.2
1,8/25/2023,USC,16,C. Hickok,82',0,0,53,31,0.58,1,0,0,25,19,0.76,0,0,0,0,0,0,16,10,0.63,10,5,2,10,1,10,2,0,0,1,9,7,0.78,0,0,0,3,0,0,4,3,0.75,1,8,6,1.33,1,1,1,2,2,1,0,0,0,9,15,11,0.73,2,0,0,6,6,1,19,14,0.74,6,5,0.83,8,5,0.63,5,3,0.6,0,0,0,0,0,0,0,1,20.2
1,8/25/2023,USC,15,M. Wærn,15',0,0,18,8,0.44,0,0,0,7,4,0.57,0,0,0,0,0,0,9,4,0.44,4,0,0,0,0,0,0,0,0,0,2,1,0.5,6,3,0.5,1,0,0,0,0,0,0,0,0,0,0,0,0,1,1,1,0,0,0,0,1,0,0,1,1,1,2,1,0.5,6,4,0.67,1,0,0,1,0,0,0,0,0,0,0,0,0,0,0,0,0,12.6
1,8/25/2023,USC,19,E. Hoffman,15',0,0,11,6,0.55,0,0,0,8,4,0.5,0,0,0,0,0,0,2,2,1,3,0,0,1,1,1,0,0,0,0,2,2,1,0,0,0,0,0,0,0,0,0,0,0,0,0,0,0,0,0,0,0,0,0,0,0,5,2,0.4,1,1,1,2,1,0.5,6,4,0.67,2,0,0,3,2,0.67,3,1,0.33,0,0,0,0,0,0,0,0,23.1
1,8/25/2023,USC,99,D. Cerimagic,60',0,0,34,12,0.35,2,1,0.5,12,7,0.58,0,0,0,0,0,0,12,4,0.33,10,2,5,1,1,1,3,0,0,1,2,0,0,3,2,0.67,3,0,0,4,2,0.5,0,0,0,0,0,0,0,1,1,1,0,0,0,0,5,1,0.2,3,3,1,0,0,0,11,7,0.64,1,0,0,2,0,0,2,0,0,1,0,0,0,0,0,0,1,11.3
1,8/25/2023,USC,22,O. West,32',0,0,8,2,0.25,0,0,0,1,0,0,0,0,0,0,0,0,4,1,0.25,2,2,1,2,0,0,0,0,0,0,0,0,0,0,0,0,3,1,0.33,1,0,0,1,2,2,1,0,0,0,0,0,0,0,0,0,0,1,0,0,0,0,0,0,0,0,1,0,0,0,0,0,1,0,0,0,0,0,0,0,0,0,0,0,0,0,12.8
1,8/25/2023,UNF,27,E. Ash,109',0,0,71,53,0.75,0,0,0,48,40,0.83,3,1,0.33,3,2,0.67,15,11,0.73,12,6,2,12,2,6,1,0,0,0,4,3,0.75,7,5,0.71,2,1,0.5,2,2,1,1,6,4,1.5,0,0,0,1,3,0.33,0,0,0,6,26,20,0.77,9,9,1,10,9,0.9,41,36,0.88,4,3,0.75,15,12,0.8,12,9,0.75,3,2,0.67,3,0,0,0,1,19.1
1,8/25/2023,UNF,5,N. Kishenko,109',0,0,85,65,0.76,0,0,0,57,53,0.93,0,0,0,0,0,0,16,9,0.56,8,3,2.67,12,1,12,1,0,0,0,6,5,0.83,0,0,0,6,4,0.67,4,0,0,1,7,6,1.17,1,1,1,0,0,0,0,0,0,0,25,22,0.88,5,5,1,26,26,1,54,52,0.96,3,1,0.33,7,6,0.86,5,3,0.6,0,0,0,0,0,0,0,0,20.6
1,8/25/2023,UNF,2,F. Frenz,67',0,0,52,42,0.81,0,0,0,37,34,0.92,0,0,0,0,0,0,13,7,0.54,1,0,0,7,0,0,0,0,0,0,10,5,0.5,1,0,0,2,2,1,0,0,0,0,1,0,0,1,0,0,1,0,0,0,0,0,0,13,12,0.92,0,0,0,21,20,0.95,32,30,0.94,5,4,0.8,6,5,0.83,5,4,0.8,1,1,1,1,1,0,0,1,24.2
1,8/25/2023,UNF,3,H. Steigelman,109',0,0,69,46,0.67,0,0,0,38,28,0.74,1,0,0,5,3,0.6,26,15,0.58,9,1,9,12,2,6,2,0,0,0,9,5,0.56,14,8,0.57,2,2,1,1,0,0,0,2,0,0,0,0,0,0,2,0,2,0,3,13,16,10,0.63,8,8,1,9,6,0.67,28,25,0.89,9,3,0.33,6,3,0.5,5,2,0.4,2,0,0,2,1,0,0,2,19.9
1,8/25/2023,UNF,8,J. Yearwood,109',0,0,61,38,0.62,0,0,0,40,30,0.75,2,1,0.5,1,0,0,14,6,0.43,13,3,4.33,8,2,4,1,0,0,0,3,1,0.33,2,1,0.5,5,4,0.8,4,0,0,1,3,0,0,0,0,0,1,1,1,1,0,0,0,15,7,0.47,6,6,1,16,14,0.88,34,26,0.76,4,3,0.75,4,4,1,4,3,0.75,0,0,0,0,0,0,0,0,20.2
1,8/25/2023,UNF,6,B. Burka,90',0,0,80,53,0.66,2,0,0,40,35,0.88,0,0,0,0,0,0,21,13,0.62,9,4,2.25,21,5,4,2,0,0,1,10,6,0.6,0,0,0,8,6,0.75,3,1,0.33,0,10,5,2,2,1,0.5,2,0,0,0,0,0,0,13,10,0.77,8,8,1,16,14,0.88,35,32,0.91,5,3,0.6,6,5,0.83,7,6,0.86,0,0,0,1,0,0,0,0,18.3
1,8/25/2023,UNF,7,A. Taylor,53',0,0,30,20,0.67,1,1,1,8,5,0.63,0,0,0,2,2,1,18,14,0.78,2,1,2,4,2,2,4,0,0,0,7,5,0.71,8,6,0.75,3,3,1,0,0,0,0,3,0,0,0,0,0,0,5,0,0,0,0,0,2,2,1,4,2,0.5,1,0,0,8,5,0.63,0,0,0,2,1,0.5,0,0,0,0,0,0,0,0,0,0,0,15.7
1,8/25/2023,UNF,10,S. Beeks,46',0,0,24,15,0.63,2,1,0.5,14,13,0.93,1,1,1,1,0,0,8,1,0.13,1,0,0,3,2,2,0,0,0,0,2,0,0,2,1,0.5,2,0,0,2,0,0,0,0,0,0,0,0,0,0,0,0,0,0,0,1,4,4,1,4,4,1,4,3,0.75,13,12,0.92,0,0,0,4,4,1,5,4,0.8,0,0,0,0,0,0,0,0,17.1
1,8/25/2023,UNF,11,L. Granitur,83',0,0,50,23,0.46,1,0,0,14,7,0.5,0,0,0,6,3,0.5,29,16,0.55,12,2,6,2,2,1,2,1,0,0,9,6,0.67,11,6,0.55,4,2,0.5,5,2,0.4,0,2,1,2,0,0,0,2,2,1,0,0,1,0,8,2,0.25,2,2,1,4,3,0.75,12,7,0.58,2,0,0,3,2,0.67,1,0,0,0,0,0,0,0,0,0,2,17.6
1,8/25/2023,UNF,9,J. Acuna,90',0,0,52,22,0.42,1,0,0,16,6,0.38,3,2,0.67,2,2,1,31,16,0.52,20,3,6.67,5,3,2,2,1,0,1,5,2,0.4,12,10,0.83,7,2,0.29,7,2,0.29,0,3,1,3,1,1,1,1,2,0.5,0,0,0,6,4,0,0,3,1,0.33,6,3,0.5,12,4,0.33,1,0,0,1,1,1,0,0,0,1,0,0,0,0,0,0,0,14.6
1,8/25/2023,UNF,14,Z. Board,63',0,0,48,21,0.44,2,0,0,13,10,0.77,0,0,0,7,1,0.14,28,10,0.36,11,1,11,5,2,3,1,0,0,0,7,4,0.57,14,2,0.14,5,3,0.6,2,1,0.5,0,3,0,0,0,0,0,2,0,0,0,0,0,0,1,0,0,3,3,1,4,3,0.75,13,10,0.77,0,0,0,0,0,0,2,1,0.5,0,0,0,0,0,0,0,0,16
1,8/25/2023,UNF,15,Miyakawa,82',0,0,58,34,0.59,0,0,0,27,24,0.89,0,0,0,3,2,0.67,25,10,0.4,12,5,2.4,10,7,1,0,0,0,0,14,4,0.29,6,3,0.5,2,2,1,3,1,0.33,1,2,0,0,0,0,0,4,2,2,0,0,0,0,7,5,0.71,6,6,1,9,9,1,24,22,0.92,3,2,0.67,3,2,0.67,5,4,0.8,0,0,0,1,0,0,0,0,15.4
1,8/25/2023,UNF,20,B. Masker,15',0,0,5,1,0.2,0,0,0,3,1,0.33,0,0,0,1,0,0,2,0,0,5,1,5,1,0,0,0,0,0,0,0,0,0,2,0,0,0,0,0,0,0,0,0,0,0,0,0,0,0,0,0,0,0,0,0,2,0,0,0,1,0,0,0,0,0,3,1,0.33,0,0,0,0,0,0,0,0,0,0,0,0,0,0,0,0,0,8.4
1,8/25/2023,UNF,21,A. Jokomba,27',0,0,14,6,0.43,0,0,0,6,3,0.5,2,1,0.5,3,2,0.67,8,3,0.38,7,1,7,1,1,1,3,0,0,0,0,0,0,5,2,0.4,2,0,0,1,1,1,0,0,0,0,0,0,0,0,0,0,0,0,0,0,0,0,0,1,0,0,5,3,0.6,4,2,0.5,1,1,1,0,0,0,0,0,0,0,0,0,1,0,0,0,1,29.7
1,8/25/2023,UNF,16,R. Onwumere,42',0,0,39,31,0.79,1,0,0,26,24,0.92,0,0,0,1,1,1,8,5,0.63,2,0,0,6,1,6,0,0,0,0,3,2,0.67,3,1,0.33,0,0,0,2,2,1,1,2,1,2,1,1,1,0,1,0,0,0,0,0,11,9,0.82,3,3,1,12,12,1,23,23,1,3,1,0.33,2,2,1,3,2,0.67,0,0,0,0,0,0,0,0,22.8
2,8/28/2023,UNF,27,E. Ash,104',0,0,53,34,0.64,0,0,0,36,29,0.81,0,0,0,1,0,0,10,3,0.3,8,3,2.67,7,2,4,0,1,0,0,7,3,0.43,2,0,0,1,0,0,0,0,0,0,7,2,3.5,0,0,0,1,0,0,0,0,0,11,17,12,0.71,6,6,1,11,9,0.82,33,28,0.85,3,1,0.33,8,7,0.88,8,5,0.63,0,0,0,0,0,0,0,0,17.2
2,8/28/2023,UNF,5,N. Kishenko,86',0,0,62,46,0.74,1,0,0,48,42,0.88,0,0,0,0,0,0,11,4,0.36,4,1,4,10,1,10,0,0,0,0,7,3,0.43,1,0,0,2,1,0.5,1,0,0,1,6,1,6,1,0,0,1,0,0,0,0,0,0,24,20,0.83,3,3,1,16,15,0.94,42,38,0.9,6,4,0.67,11,8,0.73,5,3,0.6,0,0,0,0,0,0,0,0,21.9
2,8/28/2023,UNF,2,F. Frenz,76',0,0,65,42,0.65,0,0,0,38,30,0.79,0,0,0,0,0,0,19,11,0.58,8,6,1.33,11,0,0,0,0,0,0,11,6,0.55,0,0,0,5,4,0.8,3,1,0.33,1,4,3,1.33,1,1,1,1,0,0,0,0,0,0,22,16,0.73,2,2,1,12,11,0.92,34,30,0.88,4,0,0,6,2,0.33,6,1,0.17,0,0,0,0,0,0,0,0,23.1
2,8/28/2023,UNF,3,H. Steigelman,104',0,0,67,47,0.7,0,0,0,48,41,0.85,3,1,0.33,0,0,0,11,5,0.45,14,5,2.8,8,1,8,0,0,0,0,7,4,0.57,0,0,0,4,1,0.25,0,0,0,0,5,5,1,0,0,0,1,0,0,0,0,2,9,12,9,0.75,5,5,1,28,25,0.89,41,39,0.95,4,1,0.25,14,11,0.79,8,7,0.88,0,0,0,0,1,0,0,2,19.9
2,8/28/2023,UNF,11,L. Granitur,87',1,0,53,20,0.38,2,2,1,16,7,0.44,1,0,0,5,1,0.2,24,11,0.46,15,9,1.67,4,2,2,1,1,0,1,7,6,0.86,11,4,0.36,4,0,0,2,1,0.5,0,2,1,2,0,0,0,3,1,3,0,0,0,0,6,3,0.5,5,3,0.6,1,0,0,12,6,0.5,3,1,0.33,5,2,0.4,0,0,0,0,0,0,0,0,0,0,0,22.8
2,8/28/2023,UNF,15,Miyakawa,79',0,0,42,25,0.6,0,0,0,25,22,0.88,1,0,0,2,1,0.5,15,3,0.2,4,1,4,2,1,2,0,0,0,0,6,2,0.33,6,1,0.17,3,0,0,0,0,0,0,2,0,0,0,0,0,0,0,0,0,0,0,0,9,8,0.89,6,6,1,9,7,0.78,20,20,1,4,2,0.5,6,4,0.67,3,3,1,1,1,1,1,1,0,0,1,20.8
2,8/28/2023,UNF,6,B. Burka,79',0,0,66,44,0.67,1,1,1,40,35,0.88,0,0,0,0,0,0,16,6,0.38,6,2,3,6,1,6,0,0,0,1,10,5,0.5,0,0,0,4,1,0.25,2,0,0,0,5,1,5,1,1,1,4,0,0,4,1,0,0,13,8,0.62,8,8,1,17,17,1,34,30,0.88,6,5,0.83,5,4,0.8,6,3,0.5,0,0,0,0,0,0,0,0,21.3
2,8/28/2023,UNF,14,Z. Board,66',0,0,36,22,0.61,0,0,0,17,13,0.76,0,0,0,3,2,0.67,12,7,0.58,3,1,3,4,1,4,0,0,0,0,5,3,0.6,4,3,0.75,1,0,0,2,1,0.5,0,6,3,2,0,0,0,1,2,0.5,0,0,0,1,6,4,0.67,5,5,1,2,1,0.5,16,13,0.81,1,0,0,2,2,1,4,2,0.5,0,0,0,0,0,0,0,0,18.2
2,8/28/2023,UNF,8,J. Yearwood,95',0,0,62,37,0.6,2,0,0,37,31,0.84,0,0,0,1,0,0,18,6,0.33,10,4,2.5,7,4,2,1,0,0,1,3,1,0.33,4,0,0,7,4,0.57,4,1,0.25,1,5,1,5,1,0,0,0,0,0,0,0,0,0,9,6,0.67,10,9,0.9,14,14,1,35,29,0.83,2,2,1,3,1,0.33,3,3,1,0,0,0,0,0,0,0,0,17
2,8/28/2023,UNF,9,J. Acuna,87',0,0,49,15,0.31,1,1,1,7,5,0.71,1,1,1,4,0,0,35,9,0.26,17,4,4.25,1,1,1,2,1,0,1,2,1,0.5,20,4,0.2,6,2,0.33,7,2,0.29,0,0,1,0,2,0,0,1,3,0.33,0,0,0,2,3,2,0.67,0,0,0,2,2,1,5,4,0.8,2,1,0.5,2,1,0.5,1,1,1,0,0,0,0,0,0,0,1,21.1
2,8/28/2023,UNF,7,A. Taylor,35',0,0,20,11,0.55,1,0,0,11,10,0.91,0,0,0,1,0,0,5,1,0.2,5,3,1.67,3,2,2,2,0,0,0,1,0,0,2,0,0,1,0,0,1,1,1,0,2,0,0,0,0,0,1,0,0,0,0,0,0,1,1,1,6,6,1,2,1,0.5,11,10,0.91,0,0,0,2,1,0.5,0,0,0,0,0,0,2,0,0,0,0,13.8
2,8/28/2023,UNF,25,S. Barrier,17',0,0,4,2,0.5,0,0,0,3,2,0.67,0,0,0,0,0,0,0,0,0,1,0,0,0,0,0,0,0,0,0,0,0,0,0,0,0,0,0,0,0,0,0,0,0,1,0,0,0,0,0,0,0,0,0,0,0,1,0,0,1,1,1,1,1,1,3,2,0.67,0,0,0,0,0,0,1,0,0,0,0,0,0,0,0,0,0,12.2
2,8/28/2023,UNF,21,A. Jokomba,17',0,0,11,5,0.45,1,0,0,6,5,0.83,0,0,0,0,0,0,4,0,0,1,0,0,0,0,0,1,0,0,0,0,0,0,3,0,0,1,0,0,0,0,0,0,0,0,0,0,0,0,0,0,0,0,0,0,0,1,0,0,0,0,0,3,3,1,6,5,0.83,0,0,0,0,0,0,0,0,0,0,0,0,0,0,0,0,0,15.9
2,8/28/2023,UNF,10,S. Beeks,50',0,0,32,14,0.44,1,0,0,14,12,0.86,0,0,0,0,0,0,10,2,0.2,3,0,0,2,2,1,0,0,0,0,1,0,0,2,1,0.5,4,1,0.25,3,0,0,0,2,0,0,0,0,0,2,1,2,0,0,0,0,1,1,1,5,5,1,5,4,0.8,13,11,0.85,1,1,1,2,1,0.5,1,1,1,0,0,0,1,0,0,0,1,22.8
2,8/28/2023,UNF,24,O. Cunha,10',0,0,7,3,0.43,0,0,0,2,2,1,0,0,0,0,0,0,3,1,0.33,3,1,3,2,0,0,0,0,0,1,1,0,0,0,0,0,1,1,1,1,0,0,0,1,0,0,0,0,0,0,0,0,0,0,0,0,0,0,0,1,1,1,1,1,1,2,2,1,0,0,0,1,1,1,0,0,0,0,0,0,1,0,0,0,0,17.4
2,8/28/2023,UNF,4,A. Barnett,28',0,0,17,9,0.53,0,0,0,10,7,0.7,0,0,0,0,0,0,5,2,0.4,5,2,2.5,2,0,0,0,0,0,0,0,0,0,0,0,0,4,1,0.25,1,1,1,0,0,1,0,0,0,0,0,0,0,0,0,0,3,7,4,0.57,0,0,0,1,1,1,8,7,0.88,2,0,0,2,2,1,2,0,0,0,0,0,0,0,0,0,0,23.6
2,8/28/2023,UNF,16,R. Onwumere,21',0,0,6,5,0.83,0,0,0,5,4,0.8,0,0,0,0,0,0,1,1,1,1,0,0,1,0,0,0,0,0,0,0,0,0,0,0,0,1,1,1,0,0,0,0,0,0,0,0,0,0,0,0,0,0,0,0,0,3,2,0.67,0,0,0,2,2,1,3,3,1,2,1,0.5,2,2,1,2,1,0.5,0,0,0,0,0,0,0,0,30.8
2,8/28/2023,CoC,22,E. Julien,71',0,0,29,19,0.66,0,0,0,18,13,0.72,1,0,0,0,0,0,8,5,0.63,13,2,6.5,4,1,4,0,0,0,0,3,2,0.67,3,1,0.33,1,1,1,1,1,1,0,3,0,0,0,0,0,1,1,1,0,0,1,17,9,5,0.56,3,3,1,6,5,0.83,13,12,0.92,4,1,0.25,6,5,0.83,4,3,0.75,0,0,0,0,0,0,0,0,21.2
2,8/28/2023,CoC,15,E. Garvey,96',0,0,90,66,0.73,2,0,0,61,52,0.85,0,0,0,0,0,0,20,12,0.6,16,6,2.67,14,2,7,2,0,0,1,5,3,0.6,1,1,1,10,7,0.7,4,1,0.25,0,6,4,1.5,2,1,0.5,2,1,2,0,0,0,2,33,25,0.76,2,2,1,21,21,1,50,46,0.92,11,6,0.55,14,11,0.79,7,3,0.43,1,0,0,0,0,0,0,0,22.5
2,8/28/2023,CoC,4,T. Wilson,104',0,0,54,42,0.78,1,0,0,41,38,0.93,0,0,0,1,0,0,8,4,0.5,4,4,1,3,0,0,1,0,0,0,5,4,0.8,1,0,0,1,0,0,1,0,0,1,3,2,1.5,0,0,0,0,0,0,0,0,0,0,12,10,0.83,1,1,1,27,26,0.96,38,36,0.95,3,2,0.67,6,3,0.5,2,2,1,0,0,0,0,0,0,0,0,22.3
2,8/28/2023,CoC,21,C. Walmsley,104',0,0,61,43,0.7,2,0,0,32,27,0.84,0,0,0,2,1,0.5,18,12,0.67,9,5,1.8,8,1,8,1,0,0,0,11,8,0.73,3,2,0.67,2,2,1,2,0,0,0,1,1,1,0,0,0,1,0,0,0,0,0,16,15,12,0.8,5,5,1,8,8,1,28,24,0.86,4,3,0.75,6,3,0.5,7,6,0.86,1,1,1,0,0,0,0,0,16.4
2,8/28/2023,CoC,6,E. White,81',0,0,48,29,0.6,2,1,0.5,23,16,0.7,2,2,1,2,2,1,19,12,0.63,11,3,3.67,9,2,5,4,0,0,1,9,6,0.67,4,2,0.5,5,3,0.6,1,1,1,0,4,0,0,1,0,0,1,2,0.5,0,0,1,1,6,2,0.33,0,0,0,15,12,0.8,18,13,0.72,3,1,0.33,5,4,0.8,7,3,0.43,2,0,0,0,0,1,0,0,23.3
2,8/28/2023,CoC,26,C. Cushing,91',0,0,80,59,0.74,1,1,1,47,37,0.79,0,0,0,4,3,0.75,24,18,0.75,10,5,2,10,4,3,1,0,0,0,7,7,1,7,6,0.86,6,2,0.33,4,3,0.75,0,3,2,1.5,1,1,1,0,3,0,0,0,0,0,19,11,0.58,6,6,1,16,15,0.94,40,36,0.9,7,1,0.14,10,5,0.5,12,7,0.58,0,0,0,0,0,0,0,0,23.2
2,8/28/2023,CoC,10,L. D'Ambrosio,104',0,1,57,32,0.56,1,0,0,30,20,0.67,2,0,0,4,3,0.75,16,8,0.5,14,3,4.67,2,2,1,1,0,0,0,4,4,1,9,3,0.33,3,1,0.33,0,0,0,0,0,0,0,0,0,0,0,0,0,3,1,7,0,14,6,0.43,3,3,1,8,6,0.75,22,18,0.82,6,2,0.33,7,5,0.71,7,3,0.43,3,2,0.67,1,1,0,0,3,20.5
2,8/28/2023,CoC,11,C. Matlashewski,68',0,0,39,17,0.44,1,0,0,14,8,0.57,3,2,0.67,4,3,0.75,12,8,0.67,7,1,7,4,4,1,3,0,0,0,3,3,1,7,5,0.71,2,0,0,0,0,0,0,3,0,0,1,1,1,0,2,0,0,0,0,0,7,3,0.43,2,1,0.5,3,3,1,8,5,0.63,3,1,0.33,4,4,1,3,2,0.67,2,1,0.5,2,1,0,0,2,20.8
2,8/28/2023,CoC,33,P. Thomas,78',0,0,36,15,0.42,2,2,1,8,4,0.5,2,1,0.5,9,4,0.44,20,9,0.45,9,2,4.5,1,1,1,3,0,0,0,2,1,0.5,10,4,0.4,6,3,0.5,2,1,0.5,0,1,0,0,0,0,0,1,1,1,0,0,0,0,1,0,0,1,0,0,5,4,0.8,5,3,0.6,1,0,0,1,1,1,1,0,0,2,0,0,0,1,0,0,1,23.3
2,8/28/2023,CoC,19,M. Lenert,37',0,0,16,10,0.63,0,0,0,6,6,1,2,2,1,2,0,0,7,4,0.57,1,0,0,1,0,0,1,0,0,0,3,3,1,3,1,0.33,0,0,0,1,0,0,0,2,0,0,0,0,0,0,0,0,0,0,0,0,1,1,1,1,1,1,3,3,1,3,3,1,2,2,1,4,4,1,2,2,1,1,1,1,1,2,0,0,2,28.4
2,8/28/2023,CoC,7,I. Carew,54',0,0,24,14,0.58,2,0,0,13,11,0.85,1,0,0,2,2,1,7,3,0.43,4,1,4,2,2,1,1,0,0,0,1,1,1,2,2,1,1,0,0,3,0,0,0,1,0,0,0,0,0,0,0,0,1,1,3,0,1,1,1,3,3,1,6,5,0.83,12,11,0.92,0,0,0,0,0,0,0,0,0,0,0,0,0,0,0,0,0,17.6
2,8/28/2023,CoC,24,S. Bass,42',1,0,27,18,0.67,2,2,1,11,7,0.64,0,0,0,0,0,0,14,9,0.64,4,0,0,4,1,4,2,0,0,0,5,5,1,1,0,0,3,2,0.67,5,2,0.4,0,1,0,0,0,0,0,0,0,0,0,0,0,0,7,5,0.71,2,2,1,0,0,0,11,7,0.64,0,0,0,1,1,1,2,1,0.5,0,0,0,0,0,0,0,0,13.1
2,8/28/2023,CoC,9,C. Elliott,47',0,0,33,8,0.24,1,1,1,5,2,0.4,1,0,0,3,2,0.67,18,5,0.28,4,0,0,1,1,1,2,1,0,0,2,1,0.5,10,3,0.3,2,1,0.5,4,0,0,0,0,0,0,0,0,0,1,2,0.5,0,0,0,0,1,0,0,1,0,0,2,2,1,4,2,0.5,0,0,0,0,0,0,1,0,0,0,0,0,0,0,0,0,0,15.3
2,8/28/2023,CoC,23,D. Williams,29',0,0,12,7,0.58,0,0,0,6,3,0.5,4,1,0.25,3,3,1,4,4,1,0,0,0,0,0,0,3,0,0,0,0,0,0,3,3,1,1,1,1,0,0,0,0,0,0,0,0,0,0,0,1,0,0,0,0,0,0,0,0,2,2,1,2,1,0.5,2,2,1,1,0,0,1,1,1,0,0,0,0,0,0,0,1,0,0,0,38.3
2,8/28/2023,CoC,17,L. Cedermark,27',0,0,14,9,0.64,0,0,0,9,7,0.78,0,0,0,0,0,0,3,2,0.67,3,1,3,2,2,1,0,0,0,0,2,2,1,0,0,0,0,0,0,1,0,0,0,2,1,2,0,0,0,0,0,0,0,0,0,4,6,5,0.83,3,2,0.67,0,0,0,7,6,0.86,2,1,0.5,2,1,0.5,3,2,0.67,1,1,1,1,0,0,0,0,22
2,8/28/2023,CoC,5,G. Maxwell,8',0,0,6,3,0.5,0,0,0,4,2,0.5,0,0,0,0,0,0,2,1,0.5,1,0,0,0,0,0,1,0,0,0,1,1,1,0,0,0,1,0,0,0,0,0,0,1,0,0,0,0,0,0,0,0,0,0,0,0,3,1,0.33,1,1,1,0,0,0,2,1,0.5,2,1,0.5,2,1,0.5,2,1,0.5,0,0,0,0,0,0,0,0,43.3
3,9/2/2023,UNF,27,E. Ash,83',0,0,41,29,0.71,0,0,0,25,22,0.88,1,1,1,3,2,0.67,13,7,0.54,7,1,7,7,4,2,0,0,0,0,7,4,0.57,4,3,0.75,2,0,0,0,0,0,1,3,0,0,0,0,0,1,2,0.5,0,0,0,11,12,9,0.75,5,5,1,7,7,1,21,20,0.95,3,1,0.33,4,3,0.75,3,2,0.67,1,0,0,0,0,0,0,0,20.4
3,9/2/2023,UNF,5,N. Kishenko,92',0,0,57,43,0.75,0,0,0,41,35,0.85,0,0,0,0,0,0,10,7,0.7,8,5,1.6,8,0,0,0,0,0,0,5,4,0.8,0,0,0,3,2,0.67,2,1,0.5,0,3,2,1.5,1,1,1,0,1,0,0,0,0,0,21,17,0.81,2,2,1,15,13,0.87,36,34,0.94,5,1,0.2,10,7,0.7,5,3,0.6,1,0,0,0,0,0,0,0,22.4
3,9/2/2023,UNF,2,F. Frenz,83',0,0,50,40,0.8,2,0,0,32,32,1,0,0,0,0,0,0,11,7,0.64,1,0,0,8,0,0,2,0,0,0,3,2,0.67,0,0,0,6,4,0.67,2,1,0.5,2,3,1,3,0,0,0,1,0,0,0,0,0,0,12,12,1,2,2,1,17,17,1,30,30,1,2,2,1,4,4,1,3,3,1,0,0,0,0,0,0,0,0,19.8
3,9/2/2023,UNF,3,H. Steigelman,83',0,0,55,35,0.64,1,0,0,35,29,0.83,3,2,0.67,1,1,1,13,5,0.38,8,3,2.67,8,4,2,0,0,0,0,6,3,0.5,4,2,0.5,3,0,0,0,0,0,0,4,0,0,0,0,0,1,1,1,1,1,4,7,12,8,0.67,6,6,1,16,14,0.88,24,23,0.96,8,4,0.5,9,7,0.78,7,5,0.71,0,0,0,0,1,1,0,1,24.1
3,9/2/2023,UNF,6,B. Burka,77',0,1,64,43,0.67,3,1,0.33,35,28,0.8,0,0,0,2,1,0.5,15,9,0.6,7,2,3.5,12,5,2,0,0,0,0,6,4,0.67,2,1,0.5,1,0,0,6,4,0.67,1,10,0,0,2,2,1,1,0,0,5,3,0,0,12,9,0.75,3,2,0.67,15,14,0.93,28,22,0.79,7,6,0.86,8,7,0.88,9,6,0.67,0,0,0,1,1,0,0,1,23.5
3,9/2/2023,UNF,8,J. Yearwood,92',0,0,84,60,0.71,0,0,0,55,45,0.82,0,0,0,1,1,1,23,15,0.65,10,5,2,16,6,3,0,0,0,0,16,13,0.81,4,2,0.5,0,0,0,3,0,0,0,8,0,0,0,0,0,2,1,2,0,0,0,0,16,11,0.69,13,13,1,19,16,0.84,50,43,0.86,5,2,0.4,8,4,0.5,12,7,0.58,0,0,0,0,0,0,0,0,19.4
3,9/2/2023,UNF,11,L. Granitur,64',2,0,47,21,0.45,3,3,1,16,9,0.56,3,1,0.33,6,5,0.83,18,9,0.5,8,0,0,1,1,1,2,0,0,0,3,1,0.33,13,8,0.62,1,0,0,1,0,0,0,1,0,0,0,0,0,3,3,1,0,0,4,0,5,2,0.4,3,3,1,5,3,0.6,9,6,0.67,5,3,0.6,4,3,0.75,4,0,0,2,0,0,0,0,0,0,3,31.9
3,9/2/2023,UNF,10,S. Beeks,37',0,0,33,14,0.42,0,0,0,15,10,0.67,1,0,0,1,1,1,13,4,0.31,6,1,6,3,3,1,2,0,0,0,8,3,0.38,1,1,1,3,0,0,1,0,0,0,3,2,1.5,1,0,0,1,0,0,0,0,0,0,3,3,1,2,2,1,7,3,0.43,12,8,0.67,2,2,1,2,2,1,3,1,0.33,0,0,0,0,0,0,0,0,25.2
3,9/2/2023,UNF,24,O. Cunha,74',0,0,38,13,0.34,0,0,0,14,9,0.64,1,0,0,2,1,0.5,12,4,0.33,7,1,7,4,2,2,1,0,0,0,4,2,0.5,5,2,0.4,2,0,0,1,0,0,0,4,0,0,0,0,0,0,2,0,0,0,0,2,7,4,0.57,1,1,1,3,2,0.67,10,9,0.9,3,0,0,6,4,0.67,3,1,0.33,0,0,0,1,0,0,0,0,31.1
3,9/2/2023,UNF,9,J. Acuna,66',1,0,54,19,0.35,2,1,0.5,9,6,0.67,2,1,0.5,4,2,0.5,30,12,0.4,11,2,5.5,3,3,1,7,2,0,1,4,3,0.75,16,7,0.44,5,1,0.2,5,1,0.2,0,1,0,0,1,0,0,3,2,1.5,0,0,0,0,1,1,1,1,1,1,4,2,0.5,7,5,0.71,0,0,0,0,0,0,1,0,0,0,0,0,0,0,0,0,0,26.1
3,9/2/2023,UNF,7,A. Taylor,44',0,0,26,9,0.35,1,1,1,5,4,0.8,0,0,0,2,1,0.5,11,3,0.27,7,2,3.5,1,1,1,3,0,0,0,1,1,1,6,2,0.33,3,0,0,1,0,0,0,1,0,0,0,0,0,2,1,2,0,0,0,0,0,0,0,3,2,0.67,2,2,1,5,4,0.8,0,0,0,0,0,0,0,0,0,0,0,0,0,0,0,0,0,16.7
3,9/2/2023,UNF,14,Z. Board,36',1,0,34,16,0.47,2,1,0.5,12,8,0.67,1,1,1,4,1,0.25,13,6,0.46,5,3,1.67,3,0,0,2,0,0,0,4,3,0.75,5,2,0.4,2,0,0,2,1,0.5,1,4,4,1,0,0,0,0,2,0,0,0,0,0,2,1,0.5,1,0,0,6,6,1,11,7,0.64,0,0,0,1,0,0,0,0,0,0,0,0,0,0,0,0,0,14.5
3,9/2/2023,UNF,15,Miyakawa,63',0,0,34,20,0.59,1,0,0,12,12,1,0,0,0,1,1,1,13,8,0.62,1,0,0,10,4,3,0,0,0,0,7,5,0.71,2,2,1,1,0,0,3,1,0.33,0,4,0,0,0,0,0,2,1,2,0,0,1,0,3,3,1,2,2,1,4,4,1,12,12,1,0,0,0,3,3,1,0,0,0,0,0,0,3,0,0,0,1,15.3
3,9/2/2023,UNF,4,A. Barnett,23',0,0,19,12,0.63,0,0,0,9,5,0.56,0,0,0,0,0,0,7,6,0.86,5,3,1.67,5,0,0,0,0,0,0,3,3,1,2,1,0.5,1,1,1,1,1,1,0,1,1,1,0,0,0,0,1,0,0,0,0,2,7,3,0.43,1,1,1,1,1,1,5,4,0.8,4,1,0.25,2,1,0.5,3,1,0.33,0,0,0,0,0,0,0,0,31
3,9/2/2023,UNF,16,R. Onwumere,17',0,0,10,4,0.4,0,0,0,5,3,0.6,0,0,0,1,0,0,4,1,0.25,4,2,2,3,0,0,0,0,0,0,0,0,0,2,0,0,1,1,1,1,0,0,0,0,1,0,1,0,0,0,0,0,0,0,0,0,3,2,0.67,0,0,0,0,0,0,4,3,0.75,1,0,0,1,0,0,1,0,0,0,0,0,0,0,0,0,0,19.2
3,9/2/2023,UNF,23,B. McManus Jr.,17',0,1,15,6,0.4,0,0,0,7,6,0.86,2,2,1,1,0,0,5,0,0,1,0,0,2,0,0,0,0,0,0,1,0,0,2,0,0,0,0,0,2,0,0,0,1,0,0,0,0,0,0,0,0,0,0,0,2,1,1,1,1,1,1,3,3,1,5,4,0.8,0,0,0,2,2,1,0,0,0,0,0,0,0,1,0,1,1,17.8
3,9/2/2023,UNF,33,C. Graham,17',0,0,6,3,0.5,0,0,0,2,1,0.5,1,0,0,0,0,0,2,2,1,1,0,0,0,0,0,0,0,0,0,2,2,1,0,0,0,0,0,0,0,0,0,0,0,1,0,0,0,0,0,0,0,0,0,0,1,1,1,1,0,0,0,1,0,0,1,1,1,0,0,0,1,1,1,0,0,0,0,0,0,0,0,0,0,0,23.2
3,9/2/2023,UNF,25,S. Barrier,17',0,0,14,7,0.5,0,0,0,6,6,1,0,0,0,2,0,0,7,1,0.14,2,1,2,2,2,1,0,0,0,0,2,1,0.5,4,0,0,1,0,0,0,0,0,0,1,0,0,0,0,0,0,0,0,0,0,0,0,3,3,1,2,2,1,1,1,1,5,5,1,1,1,1,1,1,1,0,0,0,0,0,0,0,0,1,0,0,23.7
3,9/2/2023,UNF,20,B. Masker,8',0,0,6,3,0.5,0,0,0,4,2,0.5,1,1,1,0,0,0,2,1,0.5,2,0,0,0,0,0,1,0,0,0,1,1,1,0,0,0,0,0,0,1,0,0,0,0,0,0,0,0,0,0,0,0,0,0,0,1,1,0,0,1,1,1,1,1,1,2,1,0.5,1,0,0,1,1,1,1,0,0,0,0,0,0,1,0,0,1,26.9
3,9/2/2023,UNF,19,J. Reinhardt,8',0,0,10,4,0.4,0,0,0,2,0,0,0,0,0,0,0,0,7,4,0.57,2,0,0,1,1,1,0,0,0,0,3,2,0.67,4,2,0.5,0,0,0,0,0,0,0,0,0,0,0,0,0,1,1,1,0,0,0,0,0,0,0,0,0,0,1,0,0,2,0,0,0,0,0,0,0,0,0,0,0,0,0,0,0,0,0,0,0,13.4
3,9/2/2023,WU,4,B. Nguelle,92',0,0,64,47,0.73,0,0,0,45,40,0.89,0,0,0,0,0,0,13,7,0.54,6,3,2,8,2,4,0,0,0,0,3,2,0.67,6,1,0.17,3,3,1,1,1,1,0,2,1,2,1,0,0,1,1,1,0,0,0,12,13,9,0.69,12,12,1,13,13,1,41,39,0.95,4,1,0.25,6,4,0.67,2,1,0.5,0,0,0,0,0,0,0,0,18.4
3,9/2/2023,WU,20,D. Candia,92',0,0,72,56,0.78,0,0,0,55,49,0.89,0,0,0,1,0,0,10,6,0.6,11,9,1.22,7,0,0,0,0,0,0,6,4,0.67,2,0,0,1,1,1,1,1,1,0,2,4,0.5,1,1,1,2,0,0,0,0,0,0,23,18,0.78,1,1,1,29,28,0.97,45,43,0.96,10,6,0.6,10,5,0.5,3,2,0.67,0,0,0,0,0,0,0,0,22.3
3,9/2/2023,WU,5,S. Pidgeon,100',0,0,85,52,0.61,0,0,0,50,37,0.74,0,0,0,1,1,1,25,13,0.52,15,9,1.67,9,0,0,0,0,0,1,12,5,0.42,3,2,0.67,7,4,0.57,3,2,0.67,1,4,3,1.33,0,0,0,2,2,1,0,0,0,0,30,19,0.63,0,0,0,17,16,0.94,39,32,0.82,11,5,0.45,18,10,0.56,6,3,0.5,1,0,0,0,0,0,0,0,23.9
3,9/2/2023,WU,18,J. Sczech,64',0,0,38,28,0.74,0,0,0,25,20,0.8,0,0,0,1,1,1,10,7,0.7,6,5,1.2,6,0,0,0,0,0,0,4,2,0.5,2,1,0.5,2,2,1,2,2,1,0,2,2,1,0,0,0,0,2,0,0,0,0,11,5,3,0.6,3,3,1,8,6,0.75,23,19,0.83,2,1,0.5,5,1,0.2,1,0,0,0,0,0,0,0,0,0,0,15.2
3,9/2/2023,WU,6,R. Ferreira,92',0,0,118,70,0.59,3,0,0,63,50,0.79,2,1,0.5,4,3,0.75,37,16,0.43,15,5,3,14,4,4,0,0,0,0,14,4,0.29,12,5,0.42,6,5,0.83,5,2,0.4,0,5,0,0,1,1,1,6,3,2,1,0,0,1,27,21,0.78,5,4,0.8,22,19,0.86,54,45,0.83,7,4,0.57,19,16,0.84,18,12,0.67,2,1,0.5,0,1,0,0,2,19.1
3,9/2/2023,WU,11,G. Woodard,60',0,0,35,25,0.71,2,1,0.5,17,14,0.82,1,1,1,3,3,1,11,9,0.82,3,2,1.5,1,0,0,2,0,0,0,2,2,1,5,4,0.8,2,2,1,2,1,0.5,0,2,1,2,0,0,0,0,0,0,0,0,0,4,1,1,1,9,7,0.78,4,3,0.75,16,13,0.81,0,0,0,2,0,0,0,0,0,0,0,0,0,0,0,0,0,14.8
3,9/2/2023,WU,8,N. Guido,68',0,0,33,14,0.42,2,0,0,17,11,0.65,0,0,0,2,0,0,11,3,0.27,5,1,5,1,1,1,4,0,0,0,3,2,0.67,4,0,0,0,0,0,4,1,0.25,1,2,0,0,0,0,0,1,0,0,0,0,0,0,7,3,0.43,2,1,0.5,3,3,1,14,11,0.79,3,0,0,3,1,0.33,2,0,0,1,0,0,0,1,0,0,1,18.1
3,9/2/2023,WU,29,K. Mckenzie,58',0,0,32,18,0.56,2,2,1,17,12,0.71,0,0,0,0,0,0,10,4,0.4,7,3,2.33,2,0,0,3,0,0,0,5,3,0.6,3,0,0,2,1,0.5,0,0,0,0,1,2,0.5,0,0,0,0,0,0,0,0,1,1,10,6,0.6,2,1,0.5,4,4,1,17,12,0.71,0,0,0,3,2,0.67,4,2,0.5,0,0,0,1,0,0,0,0,15.6
3,9/2/2023,WU,19,B. Sagrero,40',0,0,17,7,0.41,0,0,0,6,4,0.67,1,0,0,3,1,0.33,9,3,0.33,8,1,8,1,0,0,0,0,0,0,2,1,0.5,5,1,0.2,2,1,0.5,0,0,0,0,1,0,0,0,0,0,1,0,0,0,0,1,1,1,0,0,2,2,1,3,2,0.67,4,4,1,1,0,0,0,0,0,0,0,0,1,0,0,0,0,0,0,0,14.8
3,9/2/2023,WU,99,R. Ferreira,82',0,0,49,26,0.53,2,0,0,20,17,0.85,0,0,0,5,2,0.4,27,9,0.33,9,1,9,1,0,0,1,0,0,0,1,1,1,15,3,0.2,4,2,0.5,7,3,0.43,0,0,1,0,0,0,0,0,1,0,0,0,0,2,4,3,0.75,3,3,1,8,7,0.88,18,15,0.83,2,2,1,1,1,1,3,2,0.67,1,0,0,1,0,0,0,0,16.1
3,9/2/2023,WU,17,R. Marin,62',0,0,39,23,0.59,0,0,0,12,11,0.92,0,0,0,3,2,0.67,22,11,0.5,4,1,4,3,2,2,0,0,0,0,6,4,0.67,9,3,0.33,2,1,0.5,5,3,0.6,1,2,0,0,1,1,1,1,2,0.5,0,0,3,0,3,3,1,1,1,1,5,4,0.8,12,11,0.92,0,0,0,1,1,1,2,1,0.5,0,0,0,0,0,0,0,0,15.2
3,9/2/2023,WU,21,A. Williams,40',1,0,23,16,0.7,1,1,1,13,11,0.85,1,0,0,2,0,0,7,4,0.57,7,1,7,2,2,1,3,0,0,0,4,3,0.75,3,1,0.33,0,0,0,0,0,0,1,1,0,0,0,0,0,1,1,1,0,0,0,1,1,1,1,5,5,1,5,4,0.8,12,11,0.92,0,0,0,2,2,1,1,1,1,0,0,0,0,0,0,0,1,16.8
3,9/2/2023,WU,7,J. McGee,52',0,0,26,14,0.54,0,0,0,10,8,0.8,0,0,0,1,1,1,11,5,0.45,5,2,2.5,4,1,4,1,0,0,0,3,1,0.33,6,4,0.67,1,0,0,1,0,0,0,2,0,0,0,0,0,2,3,0.67,0,0,0,3,5,3,0.6,2,2,1,3,3,1,10,8,0.8,0,0,0,2,2,1,2,1,0.5,1,0,0,1,1,0,0,1,13.1
3,9/2/2023,WU,9,S. Sildor,38',0,0,34,13,0.38,1,0,0,11,10,0.91,0,0,0,2,0,0,15,3,0.2,10,2,5,2,1,2,1,0,0,0,5,3,0.6,7,0,0,1,0,0,2,0,0,0,2,0,0,0,0,0,2,0,0,0,0,0,1,2,2,1,5,5,1,2,2,1,11,10,0.91,0,0,0,0,0,0,1,1,1,0,0,0,0,0,0,0,0,12.3
3,9/2/2023,WU,13,B. Marshall,36',0,0,34,27,0.79,0,0,0,24,21,0.88,0,0,0,2,2,1,8,5,0.63,3,1,3,1,0,0,0,0,0,0,5,3,0.6,2,2,1,1,0,0,0,0,0,0,0,1,0,0,0,0,1,0,0,0,0,0,1,11,8,0.73,1,1,1,11,11,1,23,21,0.91,1,0,0,3,2,0.67,1,0,0,0,0,0,0,0,0,0,0,17.9
3,9/2/2023,WU,24,E. Crichlow,8',0,0,7,6,0.86,0,0,0,5,4,0.8,0,0,0,0,0,0,2,2,1,1,1,1,0,0,0,0,0,0,0,1,1,1,1,1,1,0,0,0,0,0,0,0,0,0,0,0,0,0,0,1,0,0,0,0,3,3,2,0.67,1,1,1,1,1,1,5,4,0.8,0,0,0,1,0,0,0,0,0,0,0,0,0,0,0,0,0,15.4
3,9/2/2023,WU,12,J. James,8',0,0,6,1,0.17,0,0,0,1,0,0,0,0,0,1,1,1,2,1,0.5,3,1,3,0,0,0,0,0,0,0,1,0,0,1,1,1,0,0,0,0,0,0,0,1,1,1,0,0,0,1,1,1,0,0,0,0,1,0,0,0,0,0,0,0,0,1,0,0,0,0,0,0,0,0,1,0,0,0,0,0,0,0,0,0,0,10.9
3,9/2/2023,WU,16,L. Story,8',0,0,6,5,0.83,0,0,0,3,3,1,0,0,0,0,0,0,2,1,0.5,1,1,1,0,0,0,0,0,0,0,1,1,1,1,0,0,0,0,0,0,0,0,0,0,0,0,0,0,0,0,0,0,0,0,0,0,1,1,1,1,1,1,1,1,1,3,3,1,0,0,0,0,0,0,0,0,0,0,0,0,0,0,0,0,0,14.9
4,9/5/2023,UNF,27,E. Ash,83',0,0,41,29,0.71,0,0,0,25,22,0.88,1,1,1,3,2,0.67,13,7,0.54,7,1,7,7,4,2,0,0,0,0,7,4,0.57,4,3,0.75,2,0,0,0,0,0,1,3,0,0,0,0,0,1,2,0.5,0,0,0,11,12,9,0.75,5,5,1,7,7,1,21,20,0.95,3,1,0.33,4,3,0.75,3,2,0.67,1,0,0,0,0,0,0,0,20.4
4,9/5/2023,UNF,5,N. Kishenko,92',0,0,57,43,0.75,0,0,0,41,35,0.85,0,0,0,0,0,0,10,7,0.7,8,5,1.6,8,0,0,0,0,0,0,5,4,0.8,0,0,0,3,2,0.67,2,1,0.5,0,3,2,1.5,1,1,1,0,1,0,0,0,0,0,21,17,0.81,2,2,1,15,13,0.87,36,34,0.94,5,1,0.2,10,7,0.7,5,3,0.6,1,0,0,0,0,0,0,0,22.4
4,9/5/2023,UNF,2,F. Frenz,83',0,0,50,40,0.8,2,0,0,32,32,1,0,0,0,0,0,0,11,7,0.64,1,0,0,8,0,0,2,0,0,0,3,2,0.67,0,0,0,6,4,0.67,2,1,0.5,2,3,1,3,0,0,0,1,0,0,0,0,0,0,12,12,1,2,2,1,17,17,1,30,30,1,2,2,1,4,4,1,3,3,1,0,0,0,0,0,0,0,0,19.8
4,9/5/2023,UNF,3,H. Steigelman,83',0,0,55,35,0.64,1,0,0,35,29,0.83,3,2,0.67,1,1,1,13,5,0.38,8,3,2.67,8,4,2,0,0,0,0,6,3,0.5,4,2,0.5,3,0,0,0,0,0,0,4,0,0,0,0,0,1,1,1,1,1,4,7,12,8,0.67,6,6,1,16,14,0.88,24,23,0.96,8,4,0.5,9,7,0.78,7,5,0.71,0,0,0,0,1,1,0,1,24.1
4,9/5/2023,UNF,6,B. Burka,77',0,1,64,43,0.67,3,1,0.33,35,28,0.8,0,0,0,2,1,0.5,15,9,0.6,7,2,3.5,12,5,2,0,0,0,0,6,4,0.67,2,1,0.5,1,0,0,6,4,0.67,1,10,0,0,2,2,1,1,0,0,5,3,0,0,12,9,0.75,3,2,0.67,15,14,0.93,28,22,0.79,7,6,0.86,8,7,0.88,9,6,0.67,0,0,0,1,1,0,0,1,23.5
4,9/5/2023,UNF,8,J. Yearwood,92',0,0,84,60,0.71,0,0,0,55,45,0.82,0,0,0,1,1,1,23,15,0.65,10,5,2,16,6,3,0,0,0,0,16,13,0.81,4,2,0.5,0,0,0,3,0,0,0,8,0,0,0,0,0,2,1,2,0,0,0,0,16,11,0.69,13,13,1,19,16,0.84,50,43,0.86,5,2,0.4,8,4,0.5,12,7,0.58,0,0,0,0,0,0,0,0,19.4
4,9/5/2023,UNF,11,L. Granitur,64',2,0,47,21,0.45,3,3,1,16,9,0.56,3,1,0.33,6,5,0.83,18,9,0.5,8,0,0,1,1,1,2,0,0,0,3,1,0.33,13,8,0.62,1,0,0,1,0,0,0,1,0,0,0,0,0,3,3,1,0,0,4,0,5,2,0.4,3,3,1,5,3,0.6,9,6,0.67,5,3,0.6,4,3,0.75,4,0,0,2,0,0,0,0,0,0,3,31.9
4,9/5/2023,UNF,10,S. Beeks,37',0,0,33,14,0.42,0,0,0,15,10,0.67,1,0,0,1,1,1,13,4,0.31,6,1,6,3,3,1,2,0,0,0,8,3,0.38,1,1,1,3,0,0,1,0,0,0,3,2,1.5,1,0,0,1,0,0,0,0,0,0,3,3,1,2,2,1,7,3,0.43,12,8,0.67,2,2,1,2,2,1,3,1,0.33,0,0,0,0,0,0,0,0,25.2
4,9/5/2023,UNF,24,O. Cunha,74',0,0,38,13,0.34,0,0,0,14,9,0.64,1,0,0,2,1,0.5,12,4,0.33,7,1,7,4,2,2,1,0,0,0,4,2,0.5,5,2,0.4,2,0,0,1,0,0,0,4,0,0,0,0,0,0,2,0,0,0,0,2,7,4,0.57,1,1,1,3,2,0.67,10,9,0.9,3,0,0,6,4,0.67,3,1,0.33,0,0,0,1,0,0,0,0,31.1
4,9/5/2023,UNF,9,J. Acuna,66',1,0,54,19,0.35,2,1,0.5,9,6,0.67,2,1,0.5,4,2,0.5,30,12,0.4,11,2,5.5,3,3,1,7,2,0,1,4,3,0.75,16,7,0.44,5,1,0.2,5,1,0.2,0,1,0,0,1,0,0,3,2,1.5,0,0,0,0,1,1,1,1,1,1,4,2,0.5,7,5,0.71,0,0,0,0,0,0,1,0,0,0,0,0,0,0,0,0,0,26.1
4,9/5/2023,UNF,7,A. Taylor,44',0,0,26,9,0.35,1,1,1,5,4,0.8,0,0,0,2,1,0.5,11,3,0.27,7,2,3.5,1,1,1,3,0,0,0,1,1,1,6,2,0.33,3,0,0,1,0,0,0,1,0,0,0,0,0,2,1,2,0,0,0,0,0,0,0,3,2,0.67,2,2,1,5,4,0.8,0,0,0,0,0,0,0,0,0,0,0,0,0,0,0,0,0,16.7
4,9/5/2023,UNF,14,Z. Board,36',1,0,34,16,0.47,2,1,0.5,12,8,0.67,1,1,1,4,1,0.25,13,6,0.46,5,3,1.67,3,0,0,2,0,0,0,4,3,0.75,5,2,0.4,2,0,0,2,1,0.5,1,4,4,1,0,0,0,0,2,0,0,0,0,0,2,1,0.5,1,0,0,6,6,1,11,7,0.64,0,0,0,1,0,0,0,0,0,0,0,0,0,0,0,0,0,14.5
4,9/5/2023,UNF,15,Miyakawa,63',0,0,34,20,0.59,1,0,0,12,12,1,0,0,0,1,1,1,13,8,0.62,1,0,0,10,4,3,0,0,0,0,7,5,0.71,2,2,1,1,0,0,3,1,0.33,0,4,0,0,0,0,0,2,1,2,0,0,1,0,3,3,1,2,2,1,4,4,1,12,12,1,0,0,0,3,3,1,0,0,0,0,0,0,3,0,0,0,1,15.3
4,9/5/2023,UNF,4,A. Barnett,23',0,0,19,12,0.63,0,0,0,9,5,0.56,0,0,0,0,0,0,7,6,0.86,5,3,1.67,5,0,0,0,0,0,0,3,3,1,2,1,0.5,1,1,1,1,1,1,0,1,1,1,0,0,0,0,1,0,0,0,0,2,7,3,0.43,1,1,1,1,1,1,5,4,0.8,4,1,0.25,2,1,0.5,3,1,0.33,0,0,0,0,0,0,0,0,31
4,9/5/2023,UNF,16,R. Onwumere,17',0,0,10,4,0.4,0,0,0,5,3,0.6,0,0,0,1,0,0,4,1,0.25,4,2,2,3,0,0,0,0,0,0,0,0,0,2,0,0,1,1,1,1,0,0,0,0,1,0,1,0,0,0,0,0,0,0,0,0,3,2,0.67,0,0,0,0,0,0,4,3,0.75,1,0,0,1,0,0,1,0,0,0,0,0,0,0,0,0,0,19.2
4,9/5/2023,UNF,23,B. McManus Jr.,17',0,1,15,6,0.4,0,0,0,7,6,0.86,2,2,1,1,0,0,5,0,0,1,0,0,2,0,0,0,0,0,0,1,0,0,2,0,0,0,0,0,2,0,0,0,1,0,0,0,0,0,0,0,0,0,0,0,2,1,1,1,1,1,1,3,3,1,5,4,0.8,0,0,0,2,2,1,0,0,0,0,0,0,0,1,0,1,1,17.8
4,9/5/2023,UNF,33,C. Graham,17',0,0,6,3,0.5,0,0,0,2,1,0.5,1,0,0,0,0,0,2,2,1,1,0,0,0,0,0,0,0,0,0,2,2,1,0,0,0,0,0,0,0,0,0,0,0,1,0,0,0,0,0,0,0,0,0,0,1,1,1,1,0,0,0,1,0,0,1,1,1,0,0,0,1,1,1,0,0,0,0,0,0,0,0,0,0,0,23.2
4,9/5/2023,UNF,25,S. Barrier,17',0,0,14,7,0.5,0,0,0,6,6,1,0,0,0,2,0,0,7,1,0.14,2,1,2,2,2,1,0,0,0,0,2,1,0.5,4,0,0,1,0,0,0,0,0,0,1,0,0,0,0,0,0,0,0,0,0,0,0,3,3,1,2,2,1,1,1,1,5,5,1,1,1,1,1,1,1,0,0,0,0,0,0,0,0,1,0,0,23.7
4,9/5/2023,UNF,20,B. Masker,8',0,0,6,3,0.5,0,0,0,4,2,0.5,1,1,1,0,0,0,2,1,0.5,2,0,0,0,0,0,1,0,0,0,1,1,1,0,0,0,0,0,0,1,0,0,0,0,0,0,0,0,0,0,0,0,0,0,0,1,1,0,0,1,1,1,1,1,1,2,1,0.5,1,0,0,1,1,1,1,0,0,0,0,0,0,1,0,0,1,26.9
4,9/5/2023,UNF,19,J. Reinhardt,8',0,0,10,4,0.4,0,0,0,2,0,0,0,0,0,0,0,0,7,4,0.57,2,0,0,1,1,1,0,0,0,0,3,2,0.67,4,2,0.5,0,0,0,0,0,0,0,0,0,0,0,0,0,1,1,1,0,0,0,0,0,0,0,0,0,0,1,0,0,2,0,0,0,0,0,0,0,0,0,0,0,0,0,0,0,0,0,0,0,13.4
4,9/5/2023,UST,4,B. Nguelle,92',0,0,64,47,0.73,0,0,0,45,40,0.89,0,0,0,0,0,0,13,7,0.54,6,3,2,8,2,4,0,0,0,0,3,2,0.67,6,1,0.17,3,3,1,1,1,1,0,2,1,2,1,0,0,1,1,1,0,0,0,12,13,9,0.69,12,12,1,13,13,1,41,39,0.95,4,1,0.25,6,4,0.67,2,1,0.5,0,0,0,0,0,0,0,0,18.4
4,9/5/2023,UST,20,D. Candia,92',0,0,72,56,0.78,0,0,0,55,49,0.89,0,0,0,1,0,0,10,6,0.6,11,9,1.22,7,0,0,0,0,0,0,6,4,0.67,2,0,0,1,1,1,1,1,1,0,2,4,0.5,1,1,1,2,0,0,0,0,0,0,23,18,0.78,1,1,1,29,28,0.97,45,43,0.96,10,6,0.6,10,5,0.5,3,2,0.67,0,0,0,0,0,0,0,0,22.3
4,9/5/2023,UST,5,S. Pidgeon,100',0,0,85,52,0.61,0,0,0,50,37,0.74,0,0,0,1,1,1,25,13,0.52,15,9,1.67,9,0,0,0,0,0,1,12,5,0.42,3,2,0.67,7,4,0.57,3,2,0.67,1,4,3,1.33,0,0,0,2,2,1,0,0,0,0,30,19,0.63,0,0,0,17,16,0.94,39,32,0.82,11,5,0.45,18,10,0.56,6,3,0.5,1,0,0,0,0,0,0,0,23.9
4,9/5/2023,UST,18,J. Sczech,64',0,0,38,28,0.74,0,0,0,25,20,0.8,0,0,0,1,1,1,10,7,0.7,6,5,1.2,6,0,0,0,0,0,0,4,2,0.5,2,1,0.5,2,2,1,2,2,1,0,2,2,1,0,0,0,0,2,0,0,0,0,11,5,3,0.6,3,3,1,8,6,0.75,23,19,0.83,2,1,0.5,5,1,0.2,1,0,0,0,0,0,0,0,0,0,0,15.2
4,9/5/2023,UST,6,R. Ferreira,92',0,0,118,70,0.59,3,0,0,63,50,0.79,2,1,0.5,4,3,0.75,37,16,0.43,15,5,3,14,4,4,0,0,0,0,14,4,0.29,12,5,0.42,6,5,0.83,5,2,0.4,0,5,0,0,1,1,1,6,3,2,1,0,0,1,27,21,0.78,5,4,0.8,22,19,0.86,54,45,0.83,7,4,0.57,19,16,0.84,18,12,0.67,2,1,0.5,0,1,0,0,2,19.1
4,9/5/2023,UST,11,G. Woodard,60',0,0,35,25,0.71,2,1,0.5,17,14,0.82,1,1,1,3,3,1,11,9,0.82,3,2,1.5,1,0,0,2,0,0,0,2,2,1,5,4,0.8,2,2,1,2,1,0.5,0,2,1,2,0,0,0,0,0,0,0,0,0,4,1,1,1,9,7,0.78,4,3,0.75,16,13,0.81,0,0,0,2,0,0,0,0,0,0,0,0,0,0,0,0,0,14.8
4,9/5/2023,UST,8,N. Guido,68',0,0,33,14,0.42,2,0,0,17,11,0.65,0,0,0,2,0,0,11,3,0.27,5,1,5,1,1,1,4,0,0,0,3,2,0.67,4,0,0,0,0,0,4,1,0.25,1,2,0,0,0,0,0,1,0,0,0,0,0,0,7,3,0.43,2,1,0.5,3,3,1,14,11,0.79,3,0,0,3,1,0.33,2,0,0,1,0,0,0,1,0,0,1,18.1
4,9/5/2023,UST,29,K. Mckenzie,58',0,0,32,18,0.56,2,2,1,17,12,0.71,0,0,0,0,0,0,10,4,0.4,7,3,2.33,2,0,0,3,0,0,0,5,3,0.6,3,0,0,2,1,0.5,0,0,0,0,1,2,0.5,0,0,0,0,0,0,0,0,1,1,10,6,0.6,2,1,0.5,4,4,1,17,12,0.71,0,0,0,3,2,0.67,4,2,0.5,0,0,0,1,0,0,0,0,15.6
4,9/5/2023,UST,19,B. Sagrero,40',0,0,17,7,0.41,0,0,0,6,4,0.67,1,0,0,3,1,0.33,9,3,0.33,8,1,8,1,0,0,0,0,0,0,2,1,0.5,5,1,0.2,2,1,0.5,0,0,0,0,1,0,0,0,0,0,1,0,0,0,0,1,1,1,0,0,2,2,1,3,2,0.67,4,4,1,1,0,0,0,0,0,0,0,0,1,0,0,0,0,0,0,0,14.8
4,9/5/2023,UST,99,R. Ferreira,82',0,0,49,26,0.53,2,0,0,20,17,0.85,0,0,0,5,2,0.4,27,9,0.33,9,1,9,1,0,0,1,0,0,0,1,1,1,15,3,0.2,4,2,0.5,7,3,0.43,0,0,1,0,0,0,0,0,1,0,0,0,0,2,4,3,0.75,3,3,1,8,7,0.88,18,15,0.83,2,2,1,1,1,1,3,2,0.67,1,0,0,1,0,0,0,0,16.1
4,9/5/2023,UST,17,R. Marin,62',0,0,39,23,0.59,0,0,0,12,11,0.92,0,0,0,3,2,0.67,22,11,0.5,4,1,4,3,2,2,0,0,0,0,6,4,0.67,9,3,0.33,2,1,0.5,5,3,0.6,1,2,0,0,1,1,1,1,2,0.5,0,0,3,0,3,3,1,1,1,1,5,4,0.8,12,11,0.92,0,0,0,1,1,1,2,1,0.5,0,0,0,0,0,0,0,0,15.2
4,9/5/2023,UST,21,A. Williams,40',1,0,23,16,0.7,1,1,1,13,11,0.85,1,0,0,2,0,0,7,4,0.57,7,1,7,2,2,1,3,0,0,0,4,3,0.75,3,1,0.33,0,0,0,0,0,0,1,1,0,0,0,0,0,1,1,1,0,0,0,1,1,1,1,5,5,1,5,4,0.8,12,11,0.92,0,0,0,2,2,1,1,1,1,0,0,0,0,0,0,0,1,16.8
4,9/5/2023,UST,7,J. McGee,52',0,0,26,14,0.54,0,0,0,10,8,0.8,0,0,0,1,1,1,11,5,0.45,5,2,2.5,4,1,4,1,0,0,0,3,1,0.33,6,4,0.67,1,0,0,1,0,0,0,2,0,0,0,0,0,2,3,0.67,0,0,0,3,5,3,0.6,2,2,1,3,3,1,10,8,0.8,0,0,0,2,2,1,2,1,0.5,1,0,0,1,1,0,0,1,13.1
4,9/5/2023,UST,9,S. Sildor,38',0,0,34,13,0.38,1,0,0,11,10,0.91,0,0,0,2,0,0,15,3,0.2,10,2,5,2,1,2,1,0,0,0,5,3,0.6,7,0,0,1,0,0,2,0,0,0,2,0,0,0,0,0,2,0,0,0,0,0,1,2,2,1,5,5,1,2,2,1,11,10,0.91,0,0,0,0,0,0,1,1,1,0,0,0,0,0,0,0,0,12.3
4,9/5/2023,UST,13,B. Marshall,36',0,0,34,27,0.79,0,0,0,24,21,0.88,0,0,0,2,2,1,8,5,0.63,3,1,3,1,0,0,0,0,0,0,5,3,0.6,2,2,1,1,0,0,0,0,0,0,0,1,0,0,0,0,1,0,0,0,0,0,1,11,8,0.73,1,1,1,11,11,1,23,21,0.91,1,0,0,3,2,0.67,1,0,0,0,0,0,0,0,0,0,0,17.9
4,9/5/2023,UST,24,E. Crichlow,8',0,0,7,6,0.86,0,0,0,5,4,0.8,0,0,0,0,0,0,2,2,1,1,1,1,0,0,0,0,0,0,0,1,1,1,1,1,1,0,0,0,0,0,0,0,0,0,0,0,0,0,0,1,0,0,0,0,3,3,2,0.67,1,1,1,1,1,1,5,4,0.8,0,0,0,1,0,0,0,0,0,0,0,0,0,0,0,0,0,15.4
4,9/5/2023,UST,12,J. James,8',0,0,6,1,0.17,0,0,0,1,0,0,0,0,0,1,1,1,2,1,0.5,3,1,3,0,0,0,0,0,0,0,1,0,0,1,1,1,0,0,0,0,0,0,0,1,1,1,0,0,0,1,1,1,0,0,0,0,1,0,0,0,0,0,0,0,0,1,0,0,0,0,0,0,0,0,1,0,0,0,0,0,0,0,0,0,0,10.9
4,9/5/2023,UST,16,L. Story,8',0,0,6,5,0.83,0,0,0,3,3,1,0,0,0,0,0,0,2,1,0.5,1,1,1,0,0,0,0,0,0,0,1,1,1,1,0,0,0,0,0,0,0,0,0,0,0,0,0,0,0,0,0,0,0,0,0,0,1,1,1,1,1,1,1,1,1,3,3,1,0,0,0,0,0,0,0,0,0,0,0,0,0,0,0,0,0,14.9
5,9/9/2023,GSU,17,E. Mensah,79',0,0,47,34,0.72,0,0,0,30,25,0.83,1,0,0,1,0,0,14,9,0.64,12,4,3,5,1,5,0,0,0,0,6,6,1,2,1,0.5,6,2,0.33,0,0,0,0,3,2,1.5,0,0,0,1,1,1,0,0,0,13,13,9,0.69,5,5,1,8,7,0.88,26,24,0.92,3,1,0.33,7,6,0.86,5,2,0.4,0,0,0,1,0,0,0,1,21.6
5,9/9/2023,GSU,6,T. Neville,97',0,0,71,51,0.72,0,0,0,43,38,0.88,0,0,0,0,0,0,19,13,0.68,8,3,2.67,14,1,14,1,0,0,0,8,5,0.63,2,2,1,8,5,0.63,1,1,1,1,4,4,1,0,0,0,1,2,0.5,0,0,0,1,22,18,0.82,3,3,1,14,13,0.93,39,37,0.95,4,1,0.25,5,4,0.8,4,0,0,0,0,0,1,0,0,0,0,21.9
5,9/9/2023,GSU,26,A. Danjon,99',0,0,80,53,0.66,3,0,0,59,46,0.78,0,0,0,1,1,1,8,5,0.63,12,5,2.4,11,1,11,0,0,0,0,4,3,0.75,1,1,1,2,1,0.5,1,0,0,0,10,3,3.33,0,0,0,1,0,0,0,0,0,0,36,25,0.69,4,4,1,16,14,0.88,45,38,0.84,14,8,0.57,21,16,0.76,13,9,0.69,1,0,0,1,0,0,0,1,26.1
5,9/9/2023,GSU,30,A. Smith,99',0,0,51,30,0.59,3,0,0,27,21,0.78,2,1,0.5,3,2,0.67,15,7,0.47,12,3,4,6,2,3,0,0,0,0,1,1,1,8,2,0.25,5,4,0.8,1,0,0,0,3,2,1.5,0,0,0,0,1,0,0,0,0,12,4,3,0.75,8,7,0.88,12,8,0.67,21,18,0.86,4,2,0.5,4,3,0.75,5,2,0.4,0,0,0,0,0,0,0,1,22.7
5,9/9/2023,GSU,4,A. Pama,99',0,0,66,51,0.77,0,0,0,41,38,0.93,0,0,0,0,0,0,19,13,0.68,9,3,3,8,4,2,0,0,0,0,9,8,0.89,5,2,0.4,2,1,0.5,3,2,0.67,0,5,1,5,3,3,1,0,0,0,0,0,0,1,8,5,0.63,11,11,1,16,16,1,40,37,0.93,1,1,1,3,2,0.67,3,3,1,0,0,0,0,0,0,0,0,19.9
5,9/9/2023,GSU,8,K. Guinet,85',0,0,48,26,0.54,1,0,0,27,18,0.67,1,0,0,2,1,0.5,15,8,0.53,18,5,3.6,9,7,1,0,0,0,1,4,2,0.5,6,2,0.33,4,3,0.75,1,1,1,0,5,1,5,1,1,1,2,2,1,0,0,0,0,9,5,0.56,1,1,1,14,11,0.79,23,17,0.74,3,1,0.33,6,4,0.67,7,3,0.43,1,0,0,0,0,0,0,0,21.8
5,9/9/2023,GSU,23,T. Wilson,66',0,0,35,15,0.43,0,0,0,10,7,0.7,2,0,0,6,2,0.33,18,7,0.39,8,0,0,3,3,1,1,0,0,0,2,0,0,11,4,0.36,2,0,0,3,3,1,0,0,0,0,0,0,0,0,1,0,0,0,0,0,0,0,0,6,6,1,2,0,0,8,7,0.88,1,0,0,0,0,0,0,0,0,0,0,0,0,0,0,0,0,20.7
5,9/9/2023,GSU,27,J. Sandun Arachchige,77',0,0,47,26,0.55,2,1,0.5,23,19,0.83,1,0,0,1,1,1,13,5,0.38,5,1,5,4,4,1,1,0,0,0,4,1,0.25,6,3,0.5,1,0,0,2,1,0.5,0,0,0,0,0,0,0,1,1,1,3,1,2,1,5,4,0.8,5,4,0.8,8,7,0.88,20,18,0.9,2,1,0.5,3,3,1,5,4,0.8,1,0,0,1,0,0,0,2,17.7
5,9/9/2023,GSU,19,M. Prieto,68',1,0,53,30,0.57,2,1,0.5,21,17,0.81,1,0,0,4,4,1,23,12,0.52,6,1,6,6,5,1,4,1,0,0,6,4,0.67,15,8,0.53,1,0,0,1,0,0,0,2,0,0,1,1,1,2,3,0.67,1,0,0,0,6,4,0.67,6,5,0.83,4,4,1,19,17,0.89,1,0,0,2,1,0.5,3,1,0.33,0,0,0,0,0,0,0,0,18.6
5,9/9/2023,GSU,9,Z. Martin,65',0,0,38,14,0.37,0,0,0,10,7,0.7,1,0,0,1,0,0,20,7,0.35,11,0,0,1,1,1,3,1,0,0,4,1,0.25,9,3,0.33,5,2,0.4,2,1,0.5,1,1,0,0,1,0,0,1,1,1,0,0,0,0,0,0,0,3,3,1,2,1,0.5,9,7,0.78,0,0,0,0,0,0,0,0,0,1,0,0,0,0,0,0,0,20.5
5,9/9/2023,GSU,3,K. Deane,2',0,0,3,2,0.67,0,0,0,2,2,1,0,0,0,0,0,0,1,0,0,0,0,0,0,0,0,0,0,0,0,0,0,0,0,0,0,0,0,0,1,0,0,0,0,0,0,0,0,0,0,0,0,0,0,0,0,1,1,1,1,1,1,0,0,0,2,2,1,0,0,0,0,0,0,0,0,0,0,0,0,0,0,0,0,0,9.8
5,9/9/2023,GSU,11,M. Gutierrez0Solis,24',0,0,25,14,0.56,0,0,0,14,12,0.86,0,0,0,0,0,0,6,1,0.17,5,1,5,1,1,1,1,0,0,0,1,1,1,2,0,0,0,0,0,3,0,0,0,1,0,0,0,0,0,1,0,0,0,0,2,0,2,1,0.5,5,5,1,4,4,1,13,12,0.92,1,0,0,2,2,1,2,1,0.5,0,0,0,0,0,0,0,0,16
5,9/9/2023,GSU,32,F. Weigelt,22',0,0,17,6,0.35,1,0,0,6,3,0.5,0,0,0,1,1,1,4,2,0.5,5,1,5,0,0,0,1,1,0,0,1,0,0,3,2,0.67,0,0,0,0,0,0,0,1,0,0,0,0,0,0,0,0,0,0,0,0,1,0,0,2,1,0.5,0,0,0,6,3,0.5,0,0,0,0,0,0,1,0,0,0,0,0,0,0,0,0,0,12.7
5,9/9/2023,GSU,29,J. Mindegaard,33',0,0,17,10,0.59,1,1,1,6,5,0.83,2,1,0.5,2,1,0.5,8,4,0.5,5,1,5,3,3,1,1,0,0,0,0,0,0,4,2,0.5,3,1,0.33,1,1,1,0,1,0,0,0,0,0,0,2,0,0,0,0,0,1,1,1,3,3,1,2,1,0.5,4,4,1,1,1,1,1,1,1,0,0,0,0,0,0,1,0,0,0,0,29.5
5,9/9/2023,GSU,14,M. Picksley,31',0,0,13,7,0.54,1,1,1,5,5,1,0,0,0,1,0,0,2,1,0.5,2,0,0,2,1,2,0,0,0,0,0,0,0,1,0,0,1,1,1,0,0,0,0,1,0,0,0,0,0,0,0,0,1,0,0,0,1,1,1,0,0,0,4,4,1,5,5,1,0,0,0,1,1,1,2,2,1,0,0,0,0,0,0,0,1,24.8
5,9/9/2023,GSU,24,J. Ireland,25',0,0,19,11,0.58,0,0,0,8,8,1,1,1,1,1,1,1,7,3,0.43,3,0,0,0,0,0,2,0,0,0,3,2,0.67,2,1,0.5,2,0,0,0,0,0,0,0,0,0,0,0,0,1,0,0,0,0,0,1,1,1,1,1,1,1,4,4,1,7,7,1,0,0,0,2,2,1,1,1,1,0,0,0,1,0,0,0,0,16.4
5,9/9/2023,GSU,33,R. Bassett,20',0,0,7,5,0.71,0,0,0,7,5,0.71,1,0,0,0,0,0,0,0,0,1,0,0,1,1,1,0,0,0,0,0,0,0,0,0,0,0,0,0,0,0,0,0,0,0,0,0,0,0,0,0,0,0,0,0,2,1,1,1,2,1,0.5,3,3,1,6,5,0.83,0,0,0,0,0,0,0,0,0,0,0,0,0,0,0,0,1,26.3
5,9/9/2023,UNF,27,E. Ash,99',0,0,58,29,0.5,0,0,0,38,24,0.63,1,1,1,1,1,1,11,4,0.36,13,4,3.25,5,2,3,1,0,0,0,5,2,0.4,5,2,0.4,0,0,0,1,0,0,0,4,2,2,0,0,0,1,0,0,0,0,0,8,19,10,0.53,9,9,1,7,5,0.71,27,22,0.81,10,1,0.1,12,7,0.58,16,5,0.31,2,0,0,1,0,0,0,0,22.3
5,9/9/2023,UNF,16,R. Onwumere,39',0,0,25,16,0.64,0,0,0,14,9,0.64,0,0,0,0,0,0,7,5,0.71,8,6,1.33,4,0,0,0,0,0,0,4,3,0.75,2,1,0.5,1,1,1,0,0,0,1,3,2,1.5,0,0,0,0,1,0,0,0,0,0,12,7,0.58,1,1,1,1,1,1,10,9,0.9,4,0,0,5,2,0.4,3,0,0,0,0,0,0,0,0,0,0,22.7
5,9/9/2023,UNF,5,N. Kishenko,99',0,1,76,65,0.86,0,0,0,61,55,0.9,0,0,0,0,0,0,9,5,0.56,7,2,3.5,8,0,0,2,0,0,0,2,2,1,1,0,0,3,2,0.67,3,1,0.33,0,2,2,1,0,0,0,0,0,0,0,0,0,0,31,27,0.87,7,7,1,17,15,0.88,56,52,0.93,5,3,0.6,8,7,0.88,3,1,0.33,2,1,0.5,1,0,0,0,0,20.4
5,9/9/2023,UNF,4,A. Barnett,30',0,0,25,15,0.6,0,0,0,19,14,0.74,0,0,0,0,0,0,2,0,0,2,2,1,2,0,0,0,0,0,0,2,0,0,0,0,0,0,0,0,0,0,0,0,3,1,3,0,0,0,1,0,0,0,0,0,1,5,2,0.4,2,2,1,6,5,0.83,16,13,0.81,3,1,0.33,4,0,0,1,0,0,0,0,0,0,0,0,0,0,17.5
5,9/9/2023,UNF,3,H. Steigelman,99',0,0,65,37,0.57,1,0,0,41,29,0.71,5,1,0.2,0,0,0,17,9,0.53,12,7,1.71,9,3,3,0,0,0,0,10,6,0.6,0,0,0,4,3,0.75,3,0,0,0,4,6,0.67,2,1,0.5,1,0,0,0,0,1,5,17,10,0.59,10,10,1,10,7,0.7,28,24,0.86,8,4,0.5,14,7,0.5,6,3,0.5,0,0,0,0,0,0,0,0,23.8
5,9/9/2023,UNF,8,J. Yearwood,99',0,0,73,46,0.63,0,0,0,45,33,0.73,0,0,0,2,1,0.5,22,12,0.55,10,7,1.43,12,3,4,0,0,0,0,11,7,0.64,4,3,0.75,4,1,0.25,3,1,0.33,1,4,2,2,3,2,0.67,1,0,0,0,0,0,0,10,7,0.7,9,9,1,22,16,0.73,42,32,0.76,3,1,0.33,8,2,0.25,1,0,0,0,0,0,0,0,0,0,0,19.8
5,9/9/2023,UNF,6,B. Burka,99',1,0,77,58,0.75,2,1,0.5,50,44,0.88,0,0,0,0,0,0,18,11,0.61,7,5,1.4,11,1,11,0,0,0,0,11,7,0.64,4,2,0.5,3,2,0.67,0,0,0,0,2,1,2,2,1,0.5,3,1,3,1,0,0,0,14,9,0.64,8,8,1,21,21,1,42,39,0.93,8,5,0.63,8,3,0.38,4,3,0.75,0,0,0,0,0,0,0,0,18
5,9/9/2023,UNF,24,O. Cunha,64',0,0,42,21,0.5,0,0,0,13,12,0.92,2,2,1,1,0,0,19,9,0.47,5,2,2.5,8,3,3,0,0,0,0,7,5,0.71,5,1,0.2,5,2,0.4,2,1,0.5,0,2,4,0.5,1,1,1,0,2,0,0,0,0,2,3,3,1,2,2,1,4,4,1,11,10,0.91,0,0,0,5,5,1,2,2,1,0,0,0,0,1,0,0,1,15.9
5,9/9/2023,UNF,17,J. Harris,23',0,0,24,8,0.33,0,0,0,8,6,0.75,0,0,0,0,0,0,12,2,0.17,7,4,1.75,2,0,0,0,0,0,0,2,0,0,6,1,0.17,3,1,0.33,1,0,0,0,0,0,0,0,0,0,1,1,1,0,0,0,0,3,2,0.67,2,2,1,1,1,1,7,6,0.86,1,0,0,1,1,1,1,0,0,1,0,0,0,0,0,0,0,14.6
5,9/9/2023,UNF,7,A. Taylor,33',0,0,26,6,0.23,1,0,0,5,4,0.8,0,0,0,2,0,0,10,2,0.2,7,4,1.75,1,1,1,1,0,0,0,3,2,0.67,4,0,0,2,0,0,1,0,0,0,2,1,2,0,0,0,1,0,0,0,0,0,0,1,0,0,2,2,1,2,2,1,5,4,0.8,0,0,0,1,0,0,0,0,0,0,0,0,0,0,0,0,0,12.7
5,9/9/2023,UNF,9,J. Acuna,77',1,0,41,13,0.32,1,1,1,7,5,0.71,0,0,0,6,1,0.17,22,7,0.32,8,1,8,1,1,1,2,2,0,1,2,1,0.5,13,3,0.23,6,3,0.5,1,0,0,0,2,1,2,0,0,0,1,0,0,0,0,0,1,1,0,0,2,2,1,2,1,0.5,7,5,0.71,0,0,0,0,0,0,1,0,0,0,0,0,0,0,0,0,0,11
5,9/9/2023,UNF,14,Z. Board,52',0,0,32,18,0.56,1,0,0,14,10,0.71,3,1,0.33,3,2,0.67,12,7,0.58,7,2,3.5,2,1,2,2,0,0,0,5,3,0.6,4,2,0.5,2,1,0.5,1,1,1,0,1,0,0,0,0,0,2,1,2,0,0,0,0,4,2,0.5,1,1,1,8,6,0.75,9,8,0.89,2,1,0.5,4,3,0.75,4,3,0.75,0,0,0,0,1,0,0,1,17.9
5,9/9/2023,UNF,2,F. Frenz,69',0,0,60,41,0.68,1,0,0,36,28,0.78,0,0,0,2,2,1,17,10,0.59,9,5,1.8,9,0,0,0,0,0,0,6,3,0.5,4,3,0.75,7,4,0.57,0,0,0,0,1,1,1,0,0,0,1,1,1,0,0,0,0,19,13,0.68,3,3,1,12,12,1,26,24,0.92,10,4,0.4,6,3,0.5,5,2,0.4,1,0,0,0,0,0,0,0,26.2
5,9/9/2023,UNF,15,Miyakawa,42',0,0,19,9,0.47,1,0,0,9,8,0.89,1,0,0,1,0,0,6,1,0.17,2,0,0,0,0,0,2,1,0,0,1,0,0,4,1,0.25,0,0,0,1,0,0,0,0,0,0,0,0,0,0,1,0,0,0,0,1,0,0,0,4,4,1,2,2,1,8,8,1,0,0,0,0,0,0,0,0,0,0,0,0,0,0,0,0,0,13.8
5,9/9/2023,UNF,21,A. Jokomba,24',0,0,13,7,0.54,0,0,0,6,3,0.5,0,0,0,1,1,1,5,3,0.6,4,1,4,1,0,0,0,0,0,0,3,1,0.33,1,1,1,1,1,1,0,0,0,0,1,0,0,0,0,0,1,0,0,0,0,0,0,3,2,0.67,1,0,0,1,1,1,3,2,0.67,3,1,0.33,1,1,1,2,1,0.5,1,1,1,1,0,0,0,0,19.8
5,9/9/2023,UNF,33,C. Graham,20',0,0,5,1,0.2,0,0,0,2,0,0,2,0,0,0,0,0,3,1,0.33,1,0,0,0,0,0,0,0,0,0,2,1,0.5,0,0,0,0,0,0,1,0,0,0,0,0,0,0,0,0,0,0,0,0,0,0,0,0,0,0,0,0,0,1,0,0,0,0,0,0,0,0,0,0,0,0,0,0,0,0,0,0,0,0,0,0,18.9
5,9/9/2023,UNF,10,S. Beeks,18',0,0,12,10,0.83,0,0,0,8,8,1,0,0,0,0,0,0,3,2,0.67,0,0,0,2,2,1,0,0,0,0,1,1,1,1,0,0,0,0,0,1,1,1,0,0,0,0,0,0,0,0,0,0,0,0,0,0,2,2,1,2,2,1,1,1,1,8,8,1,0,0,0,1,1,1,1,1,1,0,0,0,0,0,0,0,0,12.3
5,9/9/2023,UNF,23,B. McManus Jr.,5',0,0,2,0,0,0,0,0,0,0,0,0,0,0,0,0,0,0,0,0,1,0,0,0,0,0,0,0,0,0,0,0,0,0,0,0,0,0,0,0,0,0,0,2,0,0,0,0,0,0,0,0,0,0,0,0,0,0,0,0,0,0,0,0,0,0,0,0,0,0,0,0,0,0,0,0,0,0,0,0,0,0,0,0,0,NaN
6,9/12/2023,UNF,27,E. Ash,106',1,0,54,27,0.5,3,1,0.33,35,22,0.63,2,1,0.5,3,1,0.33,11,3,0.27,16,4,4,7,3,2,1,0,0,0,3,1,0.33,4,1,0.25,1,1,1,3,0,0,0,3,3,1,0,0,0,0,1,0,0,0,0,9,16,6,0.38,5,5,1,3,2,0.67,25,17,0.68,9,5,0.56,9,5,0.56,5,2,0.4,1,0,0,2,1,0,0,1,18.8
6,9/12/2023,UNF,5,N. Kishenko,75',0,0,78,72,0.92,0,0,0,68,64,0.94,0,0,0,1,1,1,8,7,0.88,4,1,4,8,1,8,0,0,0,0,3,3,1,1,1,1,2,2,1,2,1,0.5,0,2,0,0,0,0,0,0,0,0,0,0,0,0,22,18,0.82,3,3,1,33,33,1,64,62,0.97,4,2,0.5,4,4,1,1,0,0,0,0,0,0,0,0,0,0,19.4
6,9/12/2023,UNF,2,F. Frenz,62',0,0,55,41,0.75,0,0,0,41,37,0.9,0,0,0,0,0,0,8,4,0.5,5,4,1.25,7,1,7,0,0,0,1,5,3,0.6,1,1,1,1,0,0,1,0,0,1,4,3,1.33,0,0,0,1,1,1,0,0,0,0,13,10,0.77,1,1,1,24,23,0.96,38,35,0.92,3,2,0.67,4,3,0.75,4,2,0.5,0,0,0,0,0,0,0,0,22.2
6,9/12/2023,UNF,3,H. Steigelman,106',0,1,57,37,0.65,1,1,1,40,32,0.8,2,1,0.5,1,0,0,5,0,0,10,5,2,7,1,7,0,0,0,0,2,0,0,2,0,0,1,0,0,0,0,0,0,5,6,0.83,0,0,0,0,0,0,3,1,0,6,11,5,0.45,13,12,0.92,13,12,0.92,32,28,0.88,6,3,0.5,6,4,0.67,5,1,0.2,2,0,0,0,1,0,0,1,20.5
6,9/12/2023,UNF,6,B. Burka,75',0,0,69,54,0.78,0,0,0,52,47,0.9,0,0,0,0,0,0,11,6,0.55,6,2,3,4,2,2,1,0,0,0,8,5,0.63,0,0,0,0,0,0,3,1,0.33,1,2,0,0,0,0,0,1,1,1,0,0,0,0,12,7,0.58,11,11,1,25,25,1,44,43,0.98,8,4,0.5,7,6,0.86,7,4,0.57,2,0,0,1,1,0,0,1,19.9
6,9/12/2023,UNF,8,J. Yearwood,68',0,0,64,48,0.75,0,0,0,43,39,0.91,0,0,0,1,1,1,16,9,0.56,3,1,3,7,1,7,0,0,0,0,8,5,0.63,2,2,1,3,1,0.33,3,1,0.33,0,2,1,2,0,0,0,1,0,0,0,0,0,0,15,13,0.87,8,8,1,13,12,0.92,39,36,0.92,4,3,0.75,4,3,0.75,4,3,0.75,0,0,0,1,0,0,0,0,18.4
6,9/12/2023,UNF,14,Z. Board,62',0,0,31,8,0.26,0,0,0,13,6,0.46,0,0,0,1,1,1,10,2,0.2,7,4,1.75,1,0,0,0,0,0,0,4,1,0.25,3,1,0.33,1,0,0,2,0,0,0,0,0,0,0,0,0,3,1,3,0,0,0,0,3,2,0.67,4,2,0.5,3,0,0,11,5,0.45,2,1,0.5,5,2,0.4,0,0,0,0,0,0,0,0,0,0,0,18.9
6,9/12/2023,UNF,15,Miyakawa,62',0,0,35,19,0.54,0,0,0,18,14,0.78,0,0,0,1,0,0,10,5,0.5,5,2,2.5,3,3,1,0,0,0,0,5,3,0.6,2,0,0,2,1,0.5,1,1,1,0,1,0,0,0,0,0,1,2,0.5,0,0,0,0,5,2,0.4,3,3,1,8,8,1,17,14,0.82,1,0,0,3,2,0.67,3,2,0.67,1,0,0,0,0,0,0,1,16.8
6,9/12/2023,UNF,24,O. Cunha,44',0,0,32,17,0.53,1,0,0,15,11,0.73,1,0,0,1,1,1,10,6,0.6,6,2,3,3,2,2,2,0,0,0,4,3,0.75,2,1,0.5,3,1,0.33,1,1,1,0,1,1,1,0,0,0,1,1,1,0,0,0,2,2,0,0,6,6,1,3,1,0.33,12,11,0.92,2,0,0,3,0,0,0,0,0,0,0,0,0,0,0,0,1,12.9
6,9/12/2023,UNF,11,L. Granitur,77',0,0,29,16,0.55,2,0,0,15,12,0.8,1,0,0,2,1,0.5,9,4,0.44,8,3,2.67,0,0,0,0,0,0,0,2,1,0.5,4,2,0.5,3,1,0.33,0,0,0,0,0,0,0,0,0,0,0,0,0,0,0,0,0,4,3,0.75,3,3,1,4,3,0.75,13,11,0.85,2,1,0.5,2,2,1,3,3,1,0,0,0,0,0,1,0,0,19.5
6,9/12/2023,UNF,21,A. Jokomba,34',0,0,22,2,0.09,3,0,0,2,1,0.5,0,0,0,2,1,0.5,10,1,0.1,7,2,3.5,0,0,0,3,0,0,0,1,0,0,3,1,0.33,4,0,0,2,0,0,0,0,0,0,0,0,0,1,0,0,0,0,0,0,0,0,0,1,1,1,1,0,0,2,1,0.5,0,0,0,0,0,0,0,0,0,0,0,0,0,0,0,0,0,8.8
6,9/12/2023,UNF,7,A. Taylor,30',0,0,15,5,0.33,0,0,0,3,3,1,0,0,0,1,0,0,7,2,0.29,5,2,2.5,2,0,0,0,0,0,0,2,2,1,2,0,0,3,0,0,0,0,0,0,2,0,0,0,0,0,0,0,0,0,0,0,0,1,1,1,1,1,1,0,0,0,3,3,1,0,0,0,0,0,0,0,0,0,0,0,0,1,0,0,0,0,7.7
6,9/12/2023,UNF,10,S. Beeks,43',0,0,22,7,0.32,0,0,0,8,5,0.63,2,0,0,0,0,0,7,2,0.29,4,2,2,2,2,1,1,0,0,0,3,2,0.67,3,0,0,1,0,0,0,0,0,0,1,0,0,0,0,0,1,0,0,0,0,0,0,1,1,1,2,2,1,4,2,0.5,5,4,0.8,2,1,0.5,1,1,1,2,1,0.5,0,0,0,0,0,0,0,0,35.7
6,9/12/2023,UNF,17,J. Harris,49',0,0,32,22,0.69,0,0,0,23,20,0.87,0,0,0,0,0,0,4,1,0.25,6,1,6,6,3,2,0,0,0,0,1,0,0,1,0,0,0,0,0,2,1,0.5,0,3,1,3,2,1,0.5,0,0,0,0,0,2,0,10,7,0.7,9,9,1,2,2,1,21,19,0.9,2,1,0.5,3,3,1,3,1,0.33,0,0,0,0,0,0,0,0,16.7
6,9/12/2023,UNF,16,R. Onwumere,66',0,0,62,53,0.85,0,0,0,48,43,0.9,0,0,0,0,0,0,9,8,0.89,3,1,3,8,0,0,0,0,0,0,4,4,1,0,0,0,3,2,0.67,2,2,1,0,2,3,0.67,0,0,0,0,1,0,0,0,0,0,15,10,0.67,1,1,1,27,27,1,39,37,0.95,9,6,0.67,9,9,1,4,3,0.75,0,0,0,0,0,0,0,0,24.9
6,9/12/2023,UNF,23,B. McManus Jr.,11',0,0,6,1,0.17,0,0,0,1,0,0,0,0,0,1,0,0,4,1,0.25,2,0,0,1,0,0,1,0,0,0,1,0,0,2,0,0,0,0,0,1,1,1,0,0,0,0,1,0,0,1,0,0,0,0,0,0,0,0,0,0,0,0,1,0,0,1,0,0,0,0,0,0,0,0,0,0,0,0,0,0,0,0,0,0,0,24.5
6,9/12/2023,UNF,25,S. Barrier,18',0,0,5,4,0.8,0,0,0,2,2,1,0,0,0,0,0,0,2,1,0.5,1,0,0,2,1,2,0,0,0,0,1,0,0,1,1,1,0,0,0,0,0,0,0,0,0,0,0,0,0,0,1,0,0,0,0,0,1,1,1,0,0,0,1,1,1,2,2,1,0,0,0,0,0,0,0,0,0,0,0,0,0,0,0,0,0,13.3
6,9/12/2023,UNF,19,J. Reinhardt,43',0,0,18,8,0.44,0,0,0,5,5,1,0,0,0,0,0,0,7,3,0.43,3,0,0,1,1,1,0,0,0,0,1,1,1,2,2,1,2,0,0,2,0,0,0,1,1,1,0,0,0,0,1,0,0,0,0,0,0,0,0,3,3,1,0,0,0,5,5,1,0,0,0,0,0,0,0,0,0,0,0,0,0,0,0,0,0,9
6,9/12/2023,UNF,33,C. Graham,8',0,0,7,3,0.43,0,0,0,0,0,0,0,0,0,0,0,0,4,3,0.75,0,0,0,2,1,2,0,0,0,0,3,2,0.67,1,1,1,0,0,0,0,0,0,0,1,0,0,0,0,0,1,1,1,0,0,0,0,0,0,0,0,0,0,0,0,0,0,0,0,0,0,0,0,0,0,0,0,0,0,0,0,0,0,0,0,0,NaN
6,9/12/2023,UNF,4,A. Barnett,9',0,0,11,6,0.55,0,0,0,5,4,0.8,0,0,0,1,1,1,4,2,0.5,0,0,0,3,0,0,0,0,0,0,1,1,1,2,1,0.5,0,0,0,1,0,0,1,1,0,0,0,0,0,0,0,0,0,0,0,0,1,1,1,0,0,0,3,2,0.67,4,4,1,1,0,0,1,0,0,0,0,0,0,0,0,0,0,0,0,0,16.2
6,9/12/2023,UNF,20,B. Masker,7',0,0,6,2,0.33,0,0,0,1,1,1,0,0,0,0,0,0,2,1,0.5,1,1,1,1,0,0,0,0,0,0,0,0,0,1,0,0,1,1,1,0,0,0,0,2,0,0,0,0,0,0,0,0,0,0,0,0,0,0,0,0,0,0,1,1,1,1,1,1,0,0,0,0,0,0,0,0,0,0,0,0,0,0,0,0,0,30.9
6,9/12/2023,FAU,20,T. Abrahamsson,78',0,1,42,29,0.69,0,0,0,23,18,0.78,4,2,0.5,2,2,1,10,6,0.6,8,4,2,4,1,4,1,0,0,0,2,2,1,6,3,0.5,1,1,1,1,0,0,1,3,3,1,0,0,0,0,1,0,3,0,1,9,5,1,0.2,4,4,1,9,8,0.89,19,16,0.84,0,0,0,4,3,0.75,1,1,1,0,0,0,0,1,0,0,2,17.5
6,9/12/2023,FAU,6,C. Mayati,106',0,0,78,59,0.76,0,0,0,62,50,0.81,0,0,0,0,0,0,11,8,0.73,13,6,2.17,11,1,11,0,0,0,0,1,1,1,1,1,1,7,4,0.57,2,2,1,0,3,3,1,1,1,1,1,1,1,0,0,0,0,25,16,0.64,2,2,1,30,29,0.97,53,48,0.91,9,2,0.22,12,8,0.67,6,0,0,2,0,0,0,0,0,0,0,23.6
6,9/12/2023,FAU,4,G. Pratt,39',0,0,42,40,0.95,0,0,0,41,40,0.98,0,0,0,0,0,0,0,0,0,3,0,0,3,0,0,0,0,0,0,0,0,0,0,0,0,0,0,0,0,0,0,0,0,0,0,0,0,0,0,0,0,0,0,0,0,13,12,0.92,1,1,1,22,22,1,38,38,1,3,2,0.67,4,4,1,1,0,0,1,0,0,0,0,0,0,0,21.5
6,9/12/2023,FAU,35,S. Mallion,106',0,0,49,32,0.65,0,0,0,35,27,0.77,0,0,0,0,0,0,5,3,0.6,10,7,1.43,5,0,0,0,0,0,0,3,1,0.33,0,0,0,2,2,1,0,0,0,0,3,0,0,0,0,0,1,1,1,2,0,1,18,15,7,0.47,1,1,1,16,16,1,31,26,0.84,4,1,0.25,9,4,0.44,4,2,0.5,2,0,0,0,0,0,0,0,19.4
6,9/12/2023,FAU,5,L. Keller,93',0,0,65,36,0.55,1,0,0,40,27,0.68,0,0,0,2,2,1,16,8,0.5,11,2,5.5,9,5,2,1,1,0,0,4,1,0.25,7,3,0.43,4,4,1,1,0,0,0,5,0,0,0,0,0,1,2,0.5,0,0,0,0,14,5,0.36,9,8,0.89,11,9,0.82,32,26,0.81,8,1,0.13,7,3,0.43,7,2,0.29,3,0,0,0,0,0,0,0,19
6,9/12/2023,FAU,25,A. Widiez,92',0,0,63,43,0.68,0,0,0,41,31,0.76,1,0,0,5,2,0.4,17,12,0.71,9,2,4.5,10,5,2,1,0,0,0,8,8,1,8,4,0.5,1,0,0,0,0,0,1,3,0,0,1,1,1,0,1,0,0,0,0,0,12,5,0.42,10,9,0.9,12,12,1,36,29,0.81,4,2,0.5,7,5,0.71,4,3,0.75,1,1,1,0,0,0,0,0,18.6
6,9/12/2023,FAU,11,V. Claudel,82',0,0,54,28,0.52,2,1,0.5,29,21,0.72,1,0,0,3,3,1,10,6,0.6,9,2,4.5,4,3,1,1,0,0,0,6,3,0.5,3,3,1,0,0,0,1,0,0,0,3,0,0,0,0,0,1,2,0.5,0,0,0,0,11,7,0.64,7,5,0.71,5,3,0.6,24,19,0.79,4,2,0.5,2,2,1,3,2,0.67,2,1,0.5,0,0,0,0,1,15.1
6,9/12/2023,FAU,23,S. Zettl,83',0,0,51,28,0.55,2,1,0.5,25,20,0.8,2,1,0.5,1,1,1,8,6,0.75,7,1,7,3,3,1,1,0,0,0,3,1,0.33,3,3,1,2,2,1,0,0,0,0,1,1,1,0,0,0,2,1,2,1,1,1,0,9,6,0.67,3,3,1,10,9,0.9,21,19,0.9,2,0,0,9,8,0.89,8,6,0.75,2,0,0,0,0,0,0,1,18.7
6,9/12/2023,FAU,18,O. Jensen,70',0,0,29,14,0.48,2,0,0,10,8,0.8,1,0,0,5,2,0.4,12,5,0.42,4,0,0,3,0,0,2,0,0,0,2,2,1,6,2,0.33,2,0,0,2,1,0.5,0,3,0,0,0,0,0,0,0,0,0,0,0,0,5,4,0.8,0,0,0,4,3,0.75,8,8,1,1,0,0,3,3,1,1,0,0,2,1,0.5,1,1,0,0,1,20.9
6,9/12/2023,FAU,33,N. Kvifte,54',1,0,48,11,0.23,3,1,0.33,7,4,0.57,0,0,0,0,0,0,25,6,0.24,10,2,5,1,1,1,4,0,0,0,3,2,0.67,14,1,0.07,3,1,0.33,5,2,0.4,0,2,0,0,0,0,0,1,1,1,0,0,0,0,1,1,1,2,1,0.5,0,0,0,7,4,0.57,0,0,0,1,1,1,1,1,1,0,0,0,0,0,0,0,0,8.1
6,9/12/2023,FAU,17,A. Raisanen,65',0,0,24,11,0.46,0,0,0,9,8,0.89,0,0,0,0,0,0,13,3,0.23,5,0,0,1,1,1,0,0,0,0,1,0,0,6,2,0.33,2,0,0,4,1,0.25,0,0,0,0,0,0,0,1,0,0,0,0,0,0,3,2,0.67,2,2,1,2,2,1,9,8,0.89,0,0,0,1,1,1,1,0,0,0,0,0,0,0,0,0,1,11.4
6,9/12/2023,FAU,9,L. Reilhac,41',0,0,26,11,0.42,0,0,0,7,5,0.71,0,0,0,0,0,0,11,6,0.55,4,1,4,1,0,0,0,0,0,0,3,3,1,3,2,0.67,4,1,0.25,1,0,0,0,0,0,0,0,0,0,0,0,0,0,0,0,0,1,1,1,1,1,1,3,2,0.67,7,5,0.71,0,0,0,1,1,1,1,1,1,0,0,0,0,0,0,0,0,15.8
6,9/12/2023,FAU,10,J. Howell,24',0,0,11,4,0.36,1,0,0,4,4,1,0,0,0,0,0,0,3,0,0,2,0,0,0,0,0,0,0,0,0,1,0,0,1,0,0,0,0,0,1,0,0,0,1,0,0,0,0,0,1,0,0,0,0,0,0,0,0,0,1,1,1,2,2,1,4,4,1,0,0,0,0,0,0,0,0,0,0,0,0,0,0,0,0,0,16.4
6,9/12/2023,FAU,30,J. Cancar,5',0,0,2,0,0,0,0,0,0,0,0,0,0,0,0,0,0,1,0,0,0,0,0,0,0,0,0,0,0,0,1,0,0,0,0,0,0,0,0,0,0,0,0,0,0,0,0,0,0,1,0,0,0,0,0,0,0,0,0,0,0,0,0,0,0,0,0,0,0,0,0,0,0,0,0,0,0,0,0,0,0,0,0,0,0,NaN
6,9/12/2023,FAU,21,Z. Hassell,27',0,0,20,13,0.65,1,0,0,10,8,0.8,0,0,0,0,0,0,5,3,0.6,4,0,0,2,0,0,1,0,0,0,2,2,1,3,1,0.33,0,0,0,0,0,0,0,0,0,0,0,0,0,0,1,0,0,0,0,4,5,4,0.8,0,0,0,4,4,1,10,8,0.8,0,0,0,4,4,1,2,2,1,0,0,0,0,0,0,0,0,14.5
6,9/12/2023,FAU,16,E. Zech,61',0,0,40,31,0.78,0,0,0,32,28,0.88,0,0,0,1,1,1,4,3,0.75,5,3,1.67,8,0,0,0,0,0,0,1,0,0,1,1,1,2,2,1,0,0,0,1,5,2,2.5,0,0,0,0,0,0,0,0,0,0,8,6,0.75,2,2,1,17,15,0.88,28,26,0.93,4,2,0.5,3,1,0.33,2,0,0,0,0,0,0,0,0,0,0,22.8
6,9/12/2023,FAU,37,J. Lassesen,15',0,0,6,0,0,0,0,0,1,0,0,0,0,0,0,0,0,2,0,0,0,0,0,0,0,0,0,0,0,0,0,0,0,1,0,0,0,0,0,1,0,0,0,0,0,0,0,0,0,1,0,0,0,0,0,0,0,0,0,1,0,0,0,0,0,1,0,0,0,0,0,0,0,0,0,0,0,0,0,0,0,0,0,0,0,10.5
6,9/12/2023,FAU,22,J. Wouters,13',0,0,6,3,0.5,0,0,0,3,3,1,0,0,0,1,0,0,2,0,0,1,1,1,1,0,0,0,0,0,0,0,0,0,2,0,0,0,0,0,0,0,0,0,2,0,0,0,0,0,0,0,0,0,0,0,0,0,0,0,2,2,1,1,1,1,3,3,1,0,0,0,0,0,0,0,0,0,0,0,0,0,0,0,0,0,15
7,9/17/2023,UNF,27,E. Ash,20',0,0,10,8,0.8,0,0,0,7,6,0.86,0,0,0,0,0,0,3,2,0.67,1,0,0,0,0,0,0,0,0,0,2,1,0.5,0,0,0,0,0,0,1,1,1,0,0,0,0,0,0,0,0,1,0,0,0,0,2,2,1,0.5,3,3,1,1,1,1,6,6,1,1,0,0,1,1,1,0,0,0,0,0,0,1,0,0,0,0,22.3
7,9/17/2023,UNF,16,R. Onwumere,100',0,0,84,61,0.73,0,0,0,61,51,0.84,0,0,0,0,0,0,15,8,0.53,11,4,2.75,11,0,0,0,0,0,0,5,4,0.8,0,0,0,4,1,0.25,6,3,0.5,2,5,4,1.25,1,1,1,0,2,0,0,0,0,0,23,14,0.61,2,2,1,34,34,1,50,46,0.92,11,5,0.45,11,8,0.73,8,4,0.5,1,1,1,0,0,0,0,0,28.2
7,9/17/2023,UNF,2,F. Frenz,109',0,0,89,64,0.72,2,0,0,62,52,0.84,1,1,1,0,0,0,16,10,0.63,13,6,2.17,9,0,0,2,0,0,0,7,5,0.71,2,0,0,7,5,0.71,0,0,0,2,4,3,1.33,0,0,0,1,0,0,0,0,0,0,21,13,0.62,2,2,1,33,32,0.97,50,47,0.94,11,4,0.36,8,5,0.63,3,1,0.33,2,0,0,0,0,0,0,0,24.1
7,9/17/2023,UNF,3,H. Steigelman,109',0,0,48,34,0.71,0,0,0,32,24,0.75,3,2,0.67,1,0,0,10,7,0.7,10,4,2.5,13,3,4,0,0,0,0,4,3,0.75,2,1,0.5,4,3,0.75,0,0,0,0,5,2,2.5,0,0,0,0,1,0,3,0,6,7,13,11,0.85,7,6,0.86,9,6,0.67,23,19,0.83,6,3,0.5,7,5,0.71,2,1,0.5,1,0,0,0,1,0,0,3,20.7
7,9/17/2023,UNF,8,J. Yearwood,109',0,0,58,46,0.79,0,0,0,35,34,0.97,0,0,0,0,0,0,19,10,0.53,6,4,1.5,6,1,6,0,0,0,0,6,3,0.5,4,2,0.5,5,3,0.6,4,2,0.5,0,1,0,0,1,1,1,0,1,0,0,0,0,0,5,4,0.8,13,13,1,13,13,1,34,34,1,1,0,0,2,1,0.5,2,2,1,0,0,0,0,0,0,0,0,17.3
7,9/17/2023,UNF,6,B. Burka,109',0,0,79,48,0.61,1,1,1,37,29,0.78,0,0,0,1,1,1,25,14,0.56,5,3,1.67,13,3,4,1,0,0,1,7,5,0.71,3,1,0.33,7,4,0.57,8,4,0.5,0,6,3,2,0,0,0,3,1,3,4,0,0,0,14,10,0.71,4,3,0.75,16,14,0.88,32,28,0.88,5,1,0.2,6,3,0.5,7,4,0.57,2,0,0,0,0,0,0,0,20.5
7,9/17/2023,UNF,11,L. Granitur,89',0,0,38,16,0.42,1,0,0,12,7,0.58,1,0,0,3,1,0.33,17,8,0.47,10,4,2.5,1,1,1,1,0,0,1,6,3,0.5,9,3,0.33,2,2,1,0,0,0,0,0,0,0,0,0,0,2,0,0,0,0,0,0,7,3,0.43,2,2,1,2,1,0.5,8,7,0.88,3,0,0,5,3,0.6,4,3,0.75,2,0,0,0,0,0,0,1,21
7,9/17/2023,UNF,17,J. Harris,93',0,0,35,16,0.46,3,1,0.33,17,12,0.71,2,0,0,2,1,0.5,9,3,0.33,6,5,1.2,4,2,2,5,0,0,1,4,2,0.5,2,1,0.5,3,0,0,0,0,0,0,4,0,0,0,0,0,1,0,0,0,0,0,0,6,3,0.5,5,5,1,3,2,0.67,14,11,0.79,1,1,1,3,2,0.67,2,2,1,1,1,1,3,0,0,0,0,24
7,9/17/2023,UNF,24,O. Cunha,58',0,0,43,23,0.53,1,0,0,19,14,0.74,3,2,0.67,2,2,1,16,9,0.56,6,3,2,6,1,6,1,0,0,0,10,6,0.6,4,2,0.5,2,1,0.5,0,0,0,1,3,0,0,0,0,0,2,0,0,0,0,0,4,6,3,0.5,6,6,1,4,2,0.5,15,12,0.8,1,0,0,6,4,0.67,3,2,0.67,0,0,0,0,1,0,0,2,19.9
7,9/17/2023,UNF,9,J. Acuna,98',0,0,59,27,0.46,1,1,1,11,6,0.55,0,0,0,5,1,0.2,37,19,0.51,21,4,5.25,2,2,1,5,1,0,0,4,3,0.75,18,8,0.44,14,7,0.5,1,1,1,0,2,1,2,1,1,1,1,4,0.25,0,0,0,0,6,3,0.5,0,0,0,1,1,1,9,5,0.56,2,1,0.5,1,1,1,2,2,1,1,0,0,2,0,0,0,1,11.7
7,9/17/2023,UNF,33,C. Graham,78',0,0,34,22,0.65,0,0,0,14,13,0.93,1,1,1,1,1,1,16,9,0.56,6,3,2,8,1,8,0,0,0,0,7,3,0.43,4,2,0.5,3,2,0.67,2,2,1,1,2,2,1,2,0,0,1,3,0.33,0,0,0,4,6,6,1,4,4,1,4,3,0.75,10,9,0.9,4,4,1,3,2,0.67,2,2,1,0,0,0,0,0,0,0,0,19.3
7,9/17/2023,UNF,14,Z. Board,43',0,0,19,9,0.47,0,0,0,2,2,1,0,0,0,0,0,0,14,7,0.5,5,2,2.5,1,0,0,0,0,0,0,4,2,0.5,4,1,0.25,3,2,0.67,3,2,0.67,0,1,0,0,0,0,0,1,3,0.33,0,0,0,0,1,1,1,0,0,0,1,1,1,2,2,1,0,0,0,0,0,0,0,0,0,0,0,0,0,0,0,0,0,20.7
7,9/17/2023,UNF,21,A. Jokomba,35',0,0,20,8,0.4,0,0,0,6,5,0.83,2,2,1,6,2,0.33,13,3,0.23,2,1,2,2,0,0,0,0,0,0,0,0,0,9,3,0.33,2,0,0,2,0,0,0,1,0,0,0,0,0,0,0,0,0,0,0,0,1,1,1,0,0,0,3,3,1,4,3,0.75,0,0,0,3,3,1,0,0,0,0,0,0,1,0,0,0,2,13.7
7,9/17/2023,UNF,15,Miyakawa,15',0,0,12,2,0.17,0,0,0,5,1,0.2,0,0,0,0,0,0,4,1,0.25,6,3,2,0,0,0,0,0,0,0,2,1,0.5,0,0,0,2,0,0,0,0,0,0,1,0,0,0,0,0,1,0,0,0,0,0,0,3,1,0.33,0,0,0,0,0,0,5,1,0.2,0,0,0,2,0,0,0,0,0,1,0,0,0,0,0,0,0,13.4
7,9/17/2023,UNF,20,B. Masker,3',0,0,4,3,0.75,0,0,0,2,2,1,0,0,0,1,0,0,2,1,0.5,0,0,0,0,0,0,0,0,0,0,0,0,0,1,0,0,0,0,0,1,1,1,0,0,0,0,0,0,0,0,0,0,0,0,0,0,0,0,0,1,1,1,1,1,1,2,2,1,0,0,0,1,1,1,0,0,0,0,0,0,0,0,0,0,0,8.7
7,9/17/2023,UNF,4,A. Barnett,16',0,0,12,6,0.5,0,0,0,5,2,0.4,0,0,0,0,0,0,6,4,0.67,3,1,3,3,0,0,0,0,0,0,1,0,0,1,1,1,4,3,0.75,0,0,0,0,0,0,0,1,0,0,0,2,0,0,0,0,1,3,1,0.33,0,0,0,2,1,0.5,3,2,0.67,2,0,0,0,0,0,0,0,0,0,0,0,0,0,0,0,0,22.4
7,9/17/2023,UNF,23,B. McManus Jr.,3',0,0,3,3,1,0,0,0,1,1,1,0,0,0,0,0,0,2,2,1,1,1,1,1,0,0,0,0,0,0,1,1,1,0,0,0,1,1,1,0,0,0,0,0,0,0,0,0,0,0,0,0,0,0,0,1,1,1,1,0,0,0,0,0,0,1,1,1,0,0,0,0,0,0,0,0,0,0,0,0,0,0,0,0,0,12.5
7,9/17/2023,Stetson,18,J. Gonsalves,82',0,0,42,25,0.6,0,0,0,22,18,0.82,0,0,0,1,1,1,16,7,0.44,4,1,4,2,1,2,0,0,0,1,10,4,0.4,4,2,0.5,2,1,0.5,0,0,0,0,1,2,0.5,0,0,0,2,2,1,0,0,0,7,8,4,0.5,5,5,1,7,7,1,18,17,0.94,4,1,0.25,3,2,0.67,4,2,0.5,0,0,0,0,0,0,0,0,20.4
7,9/17/2023,Stetson,2,A. Gabancho,109',0,0,100,80,0.8,2,1,0.5,64,56,0.88,0,0,0,0,0,0,29,20,0.69,11,2,5.5,15,2,8,2,0,0,0,9,6,0.67,4,1,0.25,13,11,0.85,3,2,0.67,0,0,3,0,1,0,0,1,1,1,0,0,0,0,32,26,0.81,2,1,0.5,25,25,1,51,47,0.92,13,9,0.69,16,13,0.81,16,12,0.75,1,0,0,1,0,0,0,0,22.1
7,9/17/2023,Stetson,22,G. Croce,49',0,0,43,33,0.77,2,2,1,23,21,0.91,0,0,0,0,0,0,14,9,0.64,3,2,1.5,9,2,5,2,0,0,0,5,5,1,1,0,0,5,1,0.2,3,3,1,0,3,5,0.6,0,0,0,0,0,0,0,0,0,0,11,9,0.82,1,1,1,9,9,1,19,19,1,4,2,0.5,5,4,0.8,3,2,0.67,0,0,0,0,0,0,0,0,23.1
7,9/17/2023,Stetson,12,A. Rodríguez,99',0,0,62,41,0.66,1,0,0,36,30,0.83,3,1,0.33,2,0,0,21,11,0.52,9,2,4.5,11,5,2,0,0,0,0,11,6,0.55,6,3,0.5,2,1,0.5,2,1,0.5,0,5,1,5,4,2,0.5,2,2,1,0,0,0,12,13,11,0.85,11,9,0.82,10,9,0.9,27,25,0.93,6,4,0.67,9,8,0.89,7,5,0.71,1,0,0,0,0,0,0,0,24.4
7,9/17/2023,Stetson,10,C. Ahl,109',0,0,98,63,0.64,2,0,0,64,51,0.8,3,1,0.33,3,3,1,20,8,0.4,10,1,10,9,6,2,1,0,0,0,3,2,0.67,10,5,0.5,2,1,0.5,5,0,0,1,3,0,0,0,0,0,3,2,1.5,0,0,9,0,19,12,0.63,2,1,0.5,31,28,0.9,53,48,0.91,9,2,0.22,9,8,0.89,11,5,0.45,3,0,0,0,1,0,0,5,22.5
7,9/17/2023,Stetson,6,A. Gabbani,103',0,0,56,36,0.64,2,0,0,31,26,0.84,1,0,0,2,1,0.5,15,8,0.53,8,4,2,12,6,2,2,0,0,0,3,2,0.67,6,2,0.33,6,4,0.67,0,0,0,0,6,1,6,0,0,0,0,0,0,1,0,1,0,9,8,0.89,11,9,0.82,8,7,0.88,28,25,0.89,2,1,0.5,4,2,0.5,2,2,1,0,0,0,2,2,0,0,2,16
7,9/17/2023,Stetson,11,G. Toro,59',0,0,31,12,0.39,2,2,1,10,5,0.5,2,1,0.5,2,1,0.5,11,3,0.27,7,1,7,0,0,0,3,0,0,0,1,1,1,5,2,0.4,5,0,0,0,0,0,0,2,1,2,0,0,0,0,0,0,0,0,0,0,4,0,0,0,0,0,4,4,1,8,4,0.5,0,0,0,3,3,1,1,0,0,0,0,0,1,1,0,0,2,17.5
7,9/17/2023,Stetson,17,Afonso Conde,98',0,0,54,17,0.31,2,0,0,20,13,0.65,4,2,0.5,2,0,0,19,4,0.21,9,3,3,2,2,1,4,0,0,0,5,2,0.4,8,0,0,1,0,0,5,2,0.4,0,2,1,2,0,0,0,1,2,0.5,0,0,0,0,5,4,0.8,3,3,1,5,3,0.6,15,10,0.67,1,1,1,4,2,0.5,1,1,1,1,0,0,1,0,0,0,0,14.2
7,9/17/2023,Stetson,7,L. Lara,94',0,1,85,39,0.46,5,0,0,22,19,0.86,2,2,1,10,6,0.6,38,17,0.45,17,2,8.5,3,2,2,6,0,0,1,6,5,0.83,15,7,0.47,14,3,0.21,3,2,0.67,0,2,0,0,1,1,1,4,0,0,0,0,0,0,7,5,0.71,7,6,0.86,6,6,1,19,16,0.84,1,1,1,7,7,1,4,4,1,0,0,0,0,1,0,0,1,15.8
7,9/17/2023,Stetson,23,César Mata,92',1,0,51,20,0.39,3,1,0.33,20,16,0.8,0,0,0,0,0,0,17,3,0.18,11,1,11,2,2,1,6,1,0,0,2,0,0,8,3,0.38,3,0,0,4,0,0,0,0,0,0,0,0,0,2,1,2,0,0,0,0,4,2,0.5,2,2,1,8,7,0.88,20,16,0.8,0,0,0,2,2,1,5,3,0.6,2,1,0.5,1,0,0,0,2,14.6
7,9/17/2023,Stetson,33,H. Yoshizawa,49',0,0,14,10,0.71,0,0,0,10,9,0.9,0,0,0,0,0,0,2,1,0.5,1,0,0,1,1,1,2,0,0,0,1,1,1,0,0,0,0,0,0,1,0,0,1,1,0,0,0,0,0,0,0,0,0,0,0,0,3,3,1,0,0,0,2,2,1,9,8,0.89,1,1,1,1,1,1,0,0,0,0,0,0,0,0,0,0,0,13.2
7,9/17/2023,Stetson,20,J. Lenhard,36',0,0,19,12,0.63,0,0,0,12,10,0.83,3,2,0.67,1,0,0,6,2,0.33,1,0,0,3,0,0,0,0,0,0,2,1,0.5,1,0,0,1,0,0,2,1,0.5,0,0,0,0,0,0,0,1,1,1,0,0,0,5,1,0,0,1,1,1,7,7,1,9,8,0.89,0,0,0,3,3,1,1,0,0,0,0,0,0,1,0,0,0,22.4
7,9/17/2023,Stetson,29,W. Mills,10',0,0,7,2,0.29,0,0,0,1,1,1,0,0,0,0,0,0,4,1,0.25,2,0,0,0,0,0,1,0,0,0,0,0,0,2,1,0.5,1,0,0,1,0,0,0,0,0,0,0,0,0,0,0,0,0,0,0,0,0,0,0,1,1,1,0,0,0,1,1,1,0,0,0,0,0,0,0,0,0,0,0,0,0,0,0,0,1,12.1
7,9/17/2023,Stetson,16,X. Csato,36',0,0,19,13,0.68,2,1,0.5,6,5,0.83,0,0,0,0,0,0,9,6,0.67,3,1,3,3,1,3,1,0,0,0,4,4,1,2,1,0.5,3,1,0.33,0,0,0,0,0,0,0,0,0,0,1,1,1,0,0,0,0,2,1,0.5,0,0,0,2,2,1,6,5,0.83,0,0,0,1,1,1,1,1,1,0,0,0,0,0,0,0,1,13.2
7,9/17/2023,Stetson,30,R. Appolon,60',0,0,35,20,0.57,0,0,0,25,20,0.8,0,0,0,1,0,0,6,0,0,5,2,2.5,8,1,8,1,0,0,0,2,0,0,2,0,0,2,0,0,0,0,0,1,2,0,0,0,0,0,1,0,0,0,0,0,0,11,8,0.73,2,1,0.5,11,10,0.91,23,19,0.83,2,1,0.5,7,4,0.57,5,3,0.6,0,0,0,0,0,0,0,0,23.1
8,9/21/2023,NCS,2,E. Cruz-Garcia,102',0,0,65,44,0.68,0,0,0,41,30,0.73,2,0,0,4,4,1,17,12,0.71,15,1,15,9,3,3,1,0,0,0,7,6,0.86,5,4,0.8,4,2,0.5,1,0,0,0,2,0,0,0,0,0,1,2,0.5,0,0,0,11,20,13,0.65,0,0,0,17,15,0.88,31,26,0.84,8,4,0.5,11,11,1,14,8,0.57,0,0,0,0,0,0,0,0,23.6
8,9/21/2023,NCS,6,K. Edwards,22',0,0,12,9,0.75,0,0,0,10,8,0.8,0,0,0,0,0,0,2,1,0.5,1,0,0,2,0,0,0,0,0,0,0,0,0,2,1,0.5,0,0,0,0,0,0,0,0,0,0,0,0,0,0,0,0,0,0,0,0,3,1,0.33,2,2,1,5,5,1,8,8,1,2,0,0,2,1,0.5,1,0,0,0,0,0,0,0,0,0,0,26.6
8,9/21/2023,NCS,34,A. Fox,102',0,0,52,42,0.81,0,0,0,38,35,0.92,0,0,0,0,0,0,9,6,0.67,2,2,1,12,1,12,0,0,0,1,5,4,0.8,0,0,0,2,2,1,2,0,0,0,3,1,3,0,0,0,2,1,2,0,0,0,0,11,9,0.82,4,4,1,18,17,0.94,33,33,1,5,2,0.4,6,4,0.67,4,3,0.75,0,0,0,0,0,0,0,0,21.9
8,9/21/2023,NCS,4,L. Abass,96',0,0,68,43,0.63,0,0,0,39,28,0.72,0,0,0,1,1,1,19,13,0.68,15,1,15,18,4,5,1,0,0,0,4,2,0.5,5,4,0.8,5,4,0.8,5,3,0.6,0,7,3,2.33,0,0,0,2,3,0.67,0,0,0,15,13,9,0.69,7,6,0.86,14,11,0.79,31,24,0.77,8,4,0.5,9,8,0.89,11,6,0.55,2,0,0,0,1,0,0,0,22.1
8,9/21/2023,NCS,13,C. Tommy,92',0,0,42,23,0.55,1,0,0,27,20,0.74,3,1,0.33,1,1,1,11,3,0.27,8,0,0,3,3,1,2,0,0,1,4,1,0.25,6,1,0.17,0,0,0,1,1,1,0,0,1,0,2,1,0.5,2,0,0,0,0,0,0,2,1,0.5,7,7,1,11,8,0.73,23,18,0.78,1,1,1,2,2,1,0,0,0,0,0,0,1,0,0,0,1,18.4
8,9/21/2023,NCS,8,W. Buete,85',1,0,68,41,0.6,2,1,0.5,43,31,0.72,1,0,0,0,0,0,10,6,0.6,15,7,2.14,8,5,2,2,0,0,0,4,3,0.75,1,1,1,3,1,0.33,2,1,0.5,1,8,1,8,0,0,0,0,1,0,2,0,6,0,17,10,0.59,5,5,1,16,12,0.75,36,28,0.78,6,3,0.5,11,8,0.73,11,7,0.64,1,0,0,0,0,0,0,1,24
8,9/21/2023,NCS,5,V. Plamana,92',0,0,44,30,0.68,0,0,0,32,29,0.91,0,0,0,0,0,0,5,1,0.2,6,2,3,7,5,1,0,0,0,0,3,0,0,2,1,0.5,0,0,0,0,0,0,0,2,1,2,0,0,0,3,0,0,0,0,0,0,7,5,0.71,6,6,1,17,16,0.94,32,29,0.91,0,0,0,3,3,1,4,3,0.75,0,0,0,0,0,0,0,1,20.1
8,9/21/2023,NCS,10,M. Nare,88',0,0,61,31,0.51,1,0,0,28,20,0.71,2,1,0.5,6,4,0.67,20,10,0.5,15,2,7.5,6,5,1,3,0,0,0,2,1,0.5,15,7,0.47,1,1,1,2,1,0.5,0,2,0,0,0,0,0,1,2,0.5,0,0,0,0,7,3,0.43,6,6,1,12,9,0.75,25,19,0.76,1,0,0,3,2,0.67,3,2,0.67,0,0,0,1,0,0,0,0,18.6
8,9/21/2023,NCS,19,S. Taylor,67',0,0,33,16,0.48,1,1,1,8,8,1,0,0,0,2,1,0.5,20,7,0.35,6,0,0,4,3,1,3,0,0,0,2,1,0.5,10,4,0.4,2,1,0.5,6,1,0.17,0,1,0,0,0,0,0,1,5,0.2,0,0,1,0,2,2,1,3,3,1,0,0,0,8,8,1,0,0,0,1,1,1,1,1,1,0,0,0,2,0,0,0,0,11.2
8,9/21/2023,NCS,9,L. Hille,88',0,0,52,20,0.38,2,0,0,24,16,0.67,0,0,0,4,2,0.5,20,4,0.2,10,1,10,7,7,1,3,0,0,1,5,1,0.2,9,2,0.22,0,0,0,6,1,0.17,0,1,0,0,0,0,0,3,1,3,0,0,0,0,9,4,0.44,4,3,0.75,8,6,0.75,23,16,0.7,1,0,0,3,3,1,7,3,0.43,0,0,0,1,0,0,0,0,18.8
8,9/21/2023,NCS,23,D. Mitchiner,80',0,0,42,26,0.62,0,0,0,28,22,0.79,0,0,0,0,0,0,9,3,0.33,10,5,2,5,0,0,0,0,0,0,4,0,0,0,0,0,4,3,0.75,1,0,0,0,4,3,1.33,0,0,0,1,0,0,0,0,0,0,10,4,0.4,4,4,1,12,12,1,26,22,0.85,2,0,0,3,2,0.67,2,0,0,0,0,0,0,0,0,0,0,23.4
8,9/21/2023,NCS,31,H. Karamoko,25',0,0,24,8,0.33,0,0,0,8,6,0.75,0,0,0,1,0,0,11,2,0.18,9,1,9,2,2,1,1,0,0,0,2,1,0.5,4,0,0,3,1,0.33,2,0,0,0,2,0,0,0,0,0,1,0,0,0,0,0,0,2,1,0.5,3,3,1,3,2,0.67,8,6,0.75,0,0,0,0,0,0,2,1,0.5,0,0,0,0,0,0,0,0,13.8
8,9/21/2023,NCS,11,H. Santos,28',0,0,11,6,0.55,0,0,0,4,3,0.75,0,0,0,1,1,1,4,3,0.75,1,0,0,1,1,1,0,0,0,0,3,2,0.67,1,1,1,0,0,0,0,0,0,0,0,1,0,0,0,0,1,1,1,0,0,0,1,2,1,0.5,2,2,1,0,0,0,3,2,0.67,1,1,1,0,0,0,0,0,0,0,0,0,0,0,0,0,0,14.5
8,9/21/2023,NCS,17,C. Tolentino,28',0,0,11,8,0.73,0,0,0,8,7,0.88,0,0,0,0,0,0,1,1,1,2,1,2,2,1,2,0,0,0,0,1,1,1,0,0,0,0,0,0,0,0,0,0,1,0,0,0,0,0,1,0,0,0,0,0,0,3,2,0.67,1,1,1,2,2,1,8,7,0.88,0,0,0,0,0,0,0,0,0,0,0,0,0,0,0,0,0,15.7
8,9/21/2023,NCS,22,D. Lovelace,21',0,0,7,1,0.14,0,0,0,1,0,0,0,0,0,0,0,0,3,1,0.33,4,1,4,1,1,1,0,0,0,0,1,0,0,0,0,0,2,1,0.5,0,0,0,0,1,0,0,0,0,0,0,0,0,0,0,0,0,1,0,0,0,0,0,0,0,0,1,0,0,0,0,0,0,0,0,0,0,0,0,0,0,0,0,0,0,0,34.7
8,9/21/2023,NCS,25,G. Velez,6',0,0,0,0,0,0,0,0,0,0,0,0,0,0,0,0,0,0,0,0,0,0,0,0,0,0,0,0,0,0,0,0,0,0,0,0,0,0,0,0,0,0,0,0,0,0,0,0,0,0,0,0,0,0,0,0,0,0,0,0,0,0,0,0,0,0,0,0,0,0,0,0,0,0,0,0,0,0,0,0,0,0,0,0,0,NaN
8,9/21/2023,NCS,18,J. Luoma,2',0,0,3,2,0.67,0,0,0,1,1,1,0,0,0,0,0,0,1,1,1,0,0,0,0,0,0,0,0,0,0,1,1,1,0,0,0,0,0,0,0,0,0,0,0,1,0,0,0,0,0,0,0,0,0,0,0,0,0,0,0,0,0,1,1,1,0,0,0,1,1,1,0,0,0,0,0,0,0,0,0,0,0,0,0,0,22.8
8,9/21/2023,UNF,23,B. McManus Jr.,31',0,0,11,8,0.73,0,0,0,6,6,1,0,0,0,1,1,1,3,2,0.67,2,1,2,2,1,2,0,0,0,0,2,1,0.5,1,1,1,0,0,0,0,0,0,0,0,0,0,0,0,0,0,1,0,0,0,0,2,0,0,0,3,3,1,3,3,1,6,6,1,0,0,0,0,0,0,0,0,0,0,0,0,0,0,0,0,0,22.5
8,9/21/2023,UNF,5,N. Kishenko,102',0,0,72,55,0.76,1,1,1,59,47,0.8,0,0,0,0,0,0,9,7,0.78,17,8,2.13,7,0,0,1,0,0,0,6,4,0.67,1,1,1,1,1,1,1,1,1,0,3,2,1.5,0,0,0,0,1,0,0,0,0,0,27,18,0.67,3,2,0.67,23,22,0.96,48,42,0.88,11,5,0.45,12,5,0.42,5,1,0.2,0,0,0,0,0,0,0,0,23.5
8,9/21/2023,UNF,2,F. Frenz,102',0,0,103,70,0.68,1,0,0,74,59,0.8,0,0,0,1,1,1,16,10,0.63,21,14,1.5,16,0,0,1,0,0,0,9,6,0.67,1,1,1,3,2,0.67,3,1,0.33,0,10,6,1.67,0,0,0,5,0,0,0,0,0,0,28,18,0.64,4,3,0.75,38,35,0.92,64,56,0.88,10,3,0.3,15,6,0.4,8,3,0.38,1,0,0,0,0,0,0,0,23
8,9/21/2023,UNF,3,H. Steigelman,102',0,0,74,48,0.65,0,0,0,51,35,0.69,4,2,0.5,1,1,1,16,12,0.75,16,11,1.45,14,1,14,0,0,0,0,8,6,0.75,4,3,0.75,2,1,0.5,2,2,1,1,8,1,8,0,0,0,1,3,0.33,2,0,3,9,18,10,0.56,7,7,1,20,14,0.7,40,30,0.75,7,3,0.43,15,8,0.53,8,5,0.63,1,0,0,0,1,0,0,1,20.5
8,9/21/2023,UNF,6,B. Burka,58',0,0,59,43,0.73,0,0,0,44,36,0.82,0,0,0,1,0,0,11,6,0.55,9,2,4.5,9,2,5,0,0,0,0,4,3,0.75,2,0,0,1,1,1,4,2,0.5,0,3,0,0,0,0,0,1,0,0,0,0,0,1,10,6,0.6,8,7,0.88,19,17,0.89,35,31,0.89,9,5,0.56,7,4,0.57,8,4,0.5,1,0,0,2,1,0,0,1,20.2
8,9/21/2023,UNF,8,J. Yearwood,92',0,0,73,53,0.73,0,0,0,51,43,0.84,0,0,0,3,3,1,15,8,0.53,10,7,1.43,8,1,8,0,0,0,0,6,2,0.33,7,4,0.57,1,1,1,1,1,1,0,4,1,4,1,0,0,3,0,0,0,0,0,0,10,5,0.5,13,12,0.92,20,18,0.9,48,42,0.88,3,1,0.33,6,2,0.33,5,3,0.6,0,0,0,0,0,0,0,0,16.1
8,9/21/2023,UNF,11,L. Granitur,68',0,0,20,7,0.35,0,0,0,7,5,0.71,0,0,0,0,0,0,9,2,0.22,5,1,5,2,1,2,1,1,0,0,4,1,0.25,3,1,0.33,1,0,0,1,0,0,1,2,0,0,1,0,0,1,1,1,0,0,0,0,3,2,0.67,2,1,0.5,2,2,1,7,5,0.71,0,0,0,1,1,1,2,2,1,0,0,0,0,0,0,0,0,14.9
8,9/21/2023,UNF,17,J. Harris,85',0,0,50,32,0.64,0,0,0,29,26,0.9,1,0,0,1,0,0,15,4,0.27,4,3,1.33,8,2,4,2,0,0,0,5,2,0.4,5,0,0,2,1,0.5,3,1,0.33,0,4,0,0,0,0,0,1,0,0,0,0,1,0,5,3,0.6,8,8,1,13,13,1,27,25,0.93,1,1,1,3,2,0.67,3,2,0.67,0,0,0,0,0,0,0,0,18.1
8,9/21/2023,UNF,20,B. Masker,68',0,0,33,16,0.48,0,0,0,14,10,0.71,2,1,0.5,4,1,0.25,15,5,0.33,8,3,2.67,1,1,1,1,1,0,0,3,2,0.67,8,2,0.25,2,0,0,2,1,0.5,0,0,0,0,1,0,0,0,1,0,0,0,0,1,5,4,0.8,6,5,0.83,2,1,0.5,11,9,0.82,1,0,0,4,3,0.75,2,2,1,0,0,0,0,0,0,0,0,14.4
8,9/21/2023,UNF,9,J. Acuna,83',0,0,42,18,0.43,1,0,0,12,7,0.58,1,0,0,4,4,1,22,10,0.45,9,2,4.5,4,2,2,3,1,0,0,3,1,0.33,10,7,0.7,6,1,0.17,3,1,0.33,0,4,1,4,2,0,0,1,4,0.25,0,0,0,0,2,0,0,2,1,0.5,3,2,0.67,11,7,0.64,0,0,0,1,0,0,0,0,0,0,0,0,0,0,0,0,0,13.3
8,9/21/2023,UNF,16,R. Onwumere,72',0,0,38,19,0.5,0,0,0,23,13,0.57,0,0,0,1,0,0,8,6,0.75,13,3,4.33,5,0,0,1,0,0,0,5,4,0.8,2,1,0.5,1,1,1,0,0,0,0,3,5,0.6,1,1,1,1,0,0,0,0,0,6,9,4,0.44,0,0,0,11,8,0.73,19,12,0.63,4,1,0.25,4,2,0.5,6,2,0.33,1,0,0,0,0,0,0,0,22.5
8,9/21/2023,UNF,7,A. Taylor,36',0,0,23,9,0.39,0,0,0,8,7,0.88,0,0,0,0,0,0,7,2,0.29,1,1,1,2,0,0,1,1,0,0,1,0,0,3,2,0.67,2,0,0,1,0,0,0,2,0,0,0,0,0,3,2,1.5,0,0,2,0,4,4,1,2,2,1,1,1,1,8,7,0.88,0,0,0,0,0,0,0,0,0,0,0,0,0,0,0,0,0,17.9
8,9/21/2023,UNF,14,Z. Board,36',0,0,18,11,0.61,0,0,0,7,6,0.86,0,0,0,0,0,0,10,5,0.5,2,1,2,2,0,0,1,0,0,0,1,1,1,2,1,0.5,2,2,1,5,1,0.2,0,1,1,1,0,0,0,0,2,0,0,0,0,0,2,2,1,0,0,0,5,4,0.8,7,6,0.86,0,0,0,2,2,1,2,2,1,0,0,0,0,0,0,0,0,16.1
8,9/21/2023,UNF,15,Miyakawa,27',0,0,18,12,0.67,0,0,0,12,9,0.75,0,0,0,1,1,1,6,3,0.5,3,2,1.5,4,2,2,0,0,0,0,4,2,0.5,1,1,1,0,0,0,1,0,0,0,1,0,0,0,0,0,0,0,0,0,0,0,0,4,2,0.5,3,3,1,3,2,0.67,10,9,0.9,2,0,0,3,1,0.33,1,1,1,1,0,0,0,0,0,0,0,14.9
8,9/21/2023,UNF,10,S. Beeks,47',0,0,26,11,0.42,0,0,0,15,10,0.67,1,0,0,1,0,0,7,1,0.14,5,1,5,1,1,1,0,0,0,0,0,0,0,3,1,0.33,3,0,0,1,0,0,1,1,0,0,0,0,0,0,0,0,0,0,0,1,5,2,0.4,4,3,0.75,5,4,0.8,13,10,0.77,1,0,0,3,1,0.33,3,2,0.67,0,0,0,0,0,0,0,0,18
8,9/21/2023,UNF,19,J. Reinhardt,21',0,0,10,6,0.6,0,0,0,4,4,1,0,0,0,0,0,0,5,2,0.4,3,0,0,0,0,0,0,0,0,0,0,0,0,2,2,1,1,0,0,2,0,0,0,0,0,0,0,0,0,0,1,0,0,0,0,0,0,0,0,3,3,1,1,1,1,4,4,1,0,0,0,0,0,0,0,0,0,0,0,0,0,0,0,0,0,8.1
9,9/24/2023,JU,18,S. Clancy,69',0,0,59,46,0.78,0,0,0,47,38,0.81,0,0,0,0,0,0,10,8,0.8,9,2,4.5,9,1,9,0,0,0,0,7,6,0.86,1,1,1,1,0,0,1,1,1,0,4,1,4,0,0,0,0,0,0,0,0,0,0,16,8,0.5,2,2,1,27,26,0.96,37,35,0.95,10,3,0.3,8,7,0.88,9,2,0.22,0,0,0,0,0,0,0,1,25.2
9,9/24/2023,JU,13,D. Wilkins,106',0,0,71,58,0.82,0,0,0,54,49,0.91,0,0,0,0,0,0,11,7,0.64,7,3,2.33,9,1,9,1,0,0,0,6,4,0.67,2,1,0.5,2,1,0.5,1,1,1,1,5,1,5,0,0,0,0,1,0,0,0,0,0,14,10,0.71,0,0,0,40,39,0.98,50,46,0.92,4,3,0.75,5,3,0.6,2,1,0.5,0,0,0,0,0,0,0,0,23.3
9,9/24/2023,JU,5,O. Guske,106',0,0,109,89,0.82,0,0,0,86,75,0.87,1,0,0,3,2,0.67,15,10,0.67,10,3,3.33,17,5,3,1,0,0,0,4,2,0.5,6,4,0.67,4,3,0.75,1,1,1,0,9,1,9,0,0,0,1,1,1,1,0,0,0,41,31,0.76,9,9,1,35,34,0.97,73,70,0.96,12,5,0.42,20,17,0.85,15,10,0.67,0,0,0,1,0,0,0,1,22.5
9,9/24/2023,JU,12,T. Demps,52',0,0,24,15,0.63,1,0,0,16,12,0.75,2,1,0.5,0,0,0,5,3,0.6,2,1,2,3,2,2,2,0,0,0,2,0,0,1,1,1,2,2,1,0,0,0,0,0,0,0,0,0,0,1,1,1,0,0,0,2,5,2,0.4,3,3,1,5,5,1,11,9,0.82,3,2,0.67,4,3,0.75,3,1,0.33,0,0,0,0,0,0,0,1,28.5
9,9/24/2023,JU,4,K. Davidsson,82',0,0,67,49,0.73,2,0,0,49,43,0.88,2,2,1,1,1,1,13,6,0.46,8,1,8,11,5,2,0,0,0,1,6,3,0.5,2,1,0.5,2,1,0.5,3,1,0.33,1,3,1,3,0,0,0,1,1,1,1,1,1,1,14,10,0.71,8,8,1,23,22,0.96,40,37,0.93,8,5,0.63,11,10,0.91,10,7,0.7,1,1,1,1,0,0,0,1,21
9,9/24/2023,JU,8,Andres de Gracia,106',0,0,98,75,0.77,2,0,0,74,62,0.84,2,2,1,0,0,0,18,12,0.67,14,2,7,12,3,4,0,0,0,0,8,6,0.75,8,6,0.75,1,0,0,1,0,0,0,3,0,0,0,0,0,0,3,0,3,0,0,1,25,17,0.68,11,11,1,30,28,0.93,63,56,0.89,9,4,0.44,16,15,0.94,25,16,0.64,0,0,0,2,0,0,0,3,20.1
9,9/24/2023,JU,3,C. Reasonover,89',0,0,62,48,0.77,0,0,0,45,40,0.89,4,4,1,1,1,1,16,8,0.5,8,2,4,10,5,2,2,0,0,0,7,5,0.71,6,2,0.33,2,1,0.5,1,0,0,0,1,1,1,0,0,0,0,2,0,0,0,0,12,8,6,0.75,19,18,0.95,12,11,0.92,39,34,0.87,2,2,1,11,11,1,3,2,0.67,0,0,0,2,0,0,0,2,19
9,9/24/2023,JU,11,C. Wood,75',0,0,37,12,0.32,2,1,0.5,11,5,0.45,2,0,0,4,3,0.75,19,6,0.32,10,1,10,4,3,1,4,0,0,0,3,2,0.67,12,3,0.25,0,0,0,4,1,0.25,0,1,0,0,0,0,0,0,1,0,0,0,0,0,3,1,0.33,0,0,0,3,2,0.67,8,5,0.63,1,0,0,1,1,1,0,0,0,0,0,0,2,0,0,0,1,23.6
9,9/24/2023,JU,9,M. Duval,84',1,0,61,31,0.51,4,3,0.75,23,15,0.65,2,0,0,6,4,0.67,29,13,0.45,14,0,0,2,2,1,7,1,0,1,4,1,0.25,20,10,0.5,4,2,0.5,1,0,0,0,1,0,0,0,0,0,1,1,1,0,0,0,0,4,2,0.5,8,8,1,7,2,0.29,20,14,0.7,1,1,1,1,1,1,4,3,0.75,0,0,0,0,0,0,0,0,22.9
9,9/24/2023,JU,23,J. Jordosen,75',0,0,43,26,0.6,3,2,0.67,26,21,0.81,1,0,0,0,0,0,11,3,0.27,9,2,4.5,5,5,1,3,0,0,0,4,1,0.25,6,2,0.33,1,0,0,0,0,0,0,2,1,2,0,0,0,0,1,0,0,0,2,1,8,7,0.88,5,5,1,9,7,0.78,25,21,0.84,0,0,0,5,4,0.8,7,6,0.86,0,0,0,0,0,0,0,1,18.4
9,9/24/2023,JU,19,J. Izu,54',0,0,20,10,0.5,0,0,0,13,7,0.54,2,0,0,1,1,1,5,3,0.6,5,1,5,3,1,3,0,0,0,0,1,1,1,2,1,0.5,1,1,1,1,0,0,0,1,0,0,0,0,0,0,0,0,0,0,0,3,3,1,0.33,2,2,1,6,3,0.5,9,7,0.78,2,0,0,3,2,0.67,0,0,0,0,0,0,1,0,0,0,0,21.7
9,9/24/2023,JU,21,I. Skorve,17',0,0,5,1,0.2,0,0,0,3,1,0.33,2,0,0,0,0,0,1,0,0,2,0,0,0,0,0,0,0,0,0,0,0,0,1,0,0,0,0,0,0,0,0,0,1,1,1,0,0,0,0,0,0,0,0,2,2,0,0,0,1,1,1,1,0,0,1,1,1,0,0,0,0,0,0,0,0,0,0,0,0,0,0,0,0,0,46.2
9,9/24/2023,JU,17,T. Tugwete,40',0,0,14,6,0.43,3,0,0,8,6,0.75,0,0,0,1,0,0,2,0,0,2,1,2,0,0,0,2,0,0,0,0,0,0,1,0,0,0,0,0,1,0,0,0,0,0,0,0,0,0,0,0,0,0,0,0,0,3,1,0.33,2,2,1,1,1,1,7,6,0.86,1,0,0,3,2,0.67,3,2,0.67,0,0,0,2,0,0,0,2,19.1
9,9/24/2023,JU,15,D. Robinson,44',0,0,21,11,0.52,1,0,0,10,9,0.9,2,1,0.5,2,0,0,6,2,0.33,3,1,3,3,2,2,2,0,0,0,2,1,0.5,2,0,0,1,0,0,1,1,1,0,1,0,0,0,0,0,0,0,0,0,0,0,0,0,0,0,4,4,1,6,5,0.83,8,8,1,1,1,1,1,1,1,1,1,1,0,0,0,1,0,0,0,1,22.1
9,9/24/2023,JU,20,T. Henriksen,22',0,0,14,6,0.43,1,0,0,5,4,0.8,0,0,0,1,1,1,5,2,0.4,3,0,0,0,0,0,0,0,0,0,1,0,0,3,2,0.67,1,0,0,0,0,0,0,0,0,0,0,0,0,1,0,0,0,0,1,0,0,0,0,2,2,1,3,2,0.67,5,4,0.8,0,0,0,0,0,0,0,0,0,0,0,0,0,0,0,0,0,20.4
9,9/24/2023,JU,2,A. Amadu,37',0,0,19,14,0.74,1,0,0,18,14,0.78,0,0,0,0,0,0,0,0,0,4,0,0,2,0,0,0,0,0,0,0,0,0,0,0,0,0,0,0,0,0,0,0,1,0,0,0,0,0,0,0,0,0,0,0,0,8,4,0.5,2,2,1,8,8,1,15,14,0.93,3,0,0,3,3,1,2,0,0,0,0,0,0,0,0,0,0,22.4
9,9/24/2023,UNF,16,R. Onwumere,76',0,0,73,46,0.63,0,0,0,50,36,0.72,1,0,0,1,1,1,15,10,0.67,13,6,2.17,8,0,0,0,0,0,1,13,8,0.62,2,2,1,0,0,0,0,0,0,0,5,4,1.25,0,0,0,1,0,0,0,0,0,3,27,16,0.59,4,3,0.75,16,15,0.94,41,32,0.78,8,4,0.5,14,8,0.57,9,3,0.33,1,1,1,1,0,0,0,0,22.4
9,9/24/2023,UNF,5,N. Kishenko,106',0,0,66,59,0.89,1,1,1,58,53,0.91,0,0,0,1,1,1,3,3,1,6,5,1.2,8,0,0,2,0,0,0,2,2,1,1,1,1,0,0,0,0,0,0,1,3,0,0,0,0,0,0,0,0,0,0,0,0,21,17,0.81,3,3,1,32,32,1,48,46,0.96,10,7,0.7,8,4,0.5,1,0,0,1,0,0,1,0,0,0,0,23.2
9,9/24/2023,UNF,2,F. Frenz,106',0,0,102,78,0.76,0,0,0,71,65,0.92,0,0,0,1,1,1,19,13,0.68,13,9,1.44,20,1,20,0,0,0,0,8,5,0.63,3,3,1,4,2,0.5,4,3,0.75,0,4,6,0.67,1,0,0,1,1,1,0,0,0,0,36,31,0.86,4,3,0.75,30,30,1,63,60,0.95,8,5,0.63,8,4,0.5,3,2,0.67,0,0,0,0,0,0,0,0,22.2
9,9/24/2023,UNF,3,H. Steigelman,106',0,0,58,44,0.76,0,0,0,47,41,0.87,2,1,0.5,0,0,0,4,3,0.75,7,2,3.5,6,0,0,0,0,0,0,1,1,1,0,0,0,1,0,0,2,2,1,0,6,2,3,0,0,0,0,0,0,1,0,1,3,18,15,0.83,9,9,1,16,13,0.81,38,37,0.97,7,3,0.43,14,13,0.93,9,6,0.67,0,0,0,0,0,0,0,1,22.6
9,9/24/2023,UNF,6,B. Burka,85',0,0,65,44,0.68,2,1,0.5,38,31,0.82,0,0,0,0,0,0,16,9,0.56,8,4,2,6,3,2,1,0,0,0,9,3,0.33,3,2,0.67,3,3,1,1,1,1,2,3,2,1.5,1,0,0,2,2,1,0,0,0,0,10,5,0.5,4,4,1,19,19,1,30,26,0.87,8,5,0.63,5,4,0.8,8,5,0.63,1,1,1,1,0,0,0,1,25.7
9,9/24/2023,UNF,8,J. Yearwood,106',0,0,77,54,0.7,0,0,0,53,48,0.91,0,0,0,1,0,0,17,6,0.35,11,4,2.75,8,4,2,0,0,0,0,10,4,0.4,6,1,0.17,1,1,1,0,0,0,0,7,0,0,0,0,0,2,0,0,0,0,0,0,16,14,0.88,11,11,1,20,19,0.95,50,45,0.9,3,3,1,5,5,1,5,5,1,0,0,0,0,0,0,1,1,20.3
9,9/24/2023,UNF,20,B. Masker,57',0,0,31,17,0.55,1,0,0,14,10,0.71,3,1,0.33,6,3,0.5,10,6,0.6,8,3,2.67,3,0,0,1,0,0,0,2,2,1,7,3,0.43,0,0,0,1,1,1,0,3,1,3,0,0,0,1,0,0,0,0,0,1,7,5,0.71,0,0,0,5,3,0.6,8,6,0.75,3,3,1,6,5,0.83,4,4,1,1,1,1,0,0,1,0,0,19.9
9,9/24/2023,UNF,17,J. Harris,75',0,0,33,19,0.58,1,0,0,17,15,0.88,0,0,0,0,0,0,10,4,0.4,5,1,5,3,3,1,0,0,0,0,3,1,0.33,3,0,0,3,3,1,1,0,0,0,0,0,0,0,0,0,1,0,0,1,0,1,0,2,1,0.5,6,6,1,9,8,0.89,16,15,0.94,1,0,0,2,1,0.5,2,1,0.5,0,0,0,0,0,0,0,1,17.2
9,9/24/2023,UNF,11,L. Granitur,84',1,0,41,21,0.51,2,2,1,14,11,0.79,1,0,0,6,3,0.5,19,8,0.42,9,2,4.5,3,1,3,3,0,0,0,4,3,0.75,12,5,0.42,2,0,0,1,0,0,0,1,0,0,0,0,0,0,1,0,0,0,0,0,4,3,0.75,4,4,1,6,4,0.67,12,11,0.92,2,0,0,2,2,1,3,2,0.67,1,0,0,0,0,0,0,0,20.9
9,9/24/2023,UNF,9,J. Acuna,86',0,1,38,11,0.29,3,1,0.33,5,4,0.8,0,0,0,4,4,1,24,6,0.25,9,2,4.5,1,1,1,4,0,0,1,5,0,0,13,4,0.31,2,0,0,4,2,0.5,1,1,0,0,2,0,0,4,0,0,0,0,0,0,2,2,1,0,0,0,2,2,1,5,4,0.8,0,0,0,1,1,1,0,0,0,1,1,1,3,2,0,0,3,14
9,9/24/2023,UNF,7,A. Taylor,28',0,0,14,5,0.36,2,1,0.5,4,3,0.75,0,0,0,0,0,0,4,1,0.25,2,1,2,1,0,0,2,0,0,0,2,1,0.5,0,0,0,1,0,0,1,0,0,0,0,0,0,0,0,0,0,0,0,0,0,0,0,0,0,0,3,3,1,0,0,0,4,3,0.75,0,0,0,0,0,0,0,0,0,0,0,0,0,0,0,0,0,14.2
9,9/24/2023,UNF,21,A. Jokomba,25',0,0,15,3,0.2,0,0,0,6,2,0.33,2,1,0.5,1,1,1,6,1,0.17,6,1,6,0,0,0,1,0,0,0,0,0,0,6,1,0.17,0,0,0,0,0,0,0,0,0,0,0,0,0,0,0,0,0,0,0,0,3,1,0.33,0,0,0,2,1,0.5,4,1,0.25,0,0,0,1,0,0,0,0,0,0,0,0,0,0,0,0,0,15.7
9,9/24/2023,UNF,24,O. Cunha,31',0,0,18,8,0.44,0,0,0,7,5,0.71,0,0,0,1,0,0,7,3,0.43,3,1,3,2,0,0,0,0,0,0,2,2,1,3,1,0.33,1,0,0,1,0,0,0,1,1,1,0,0,0,0,1,0,0,0,0,1,1,1,1,3,2,0.67,1,1,1,7,5,0.71,0,0,0,1,0,0,2,2,1,0,0,0,0,0,0,0,1,11.4
9,9/24/2023,UNF,23,B. McManus Jr.,26',0,0,18,15,0.83,0,0,0,12,10,0.83,1,0,0,0,0,0,6,5,0.83,3,1,3,2,2,1,0,0,0,0,5,5,1,0,0,0,1,0,0,0,0,0,0,0,0,0,0,0,0,0,0,0,0,0,0,2,1,0,0,7,7,1,4,3,0.75,11,10,0.91,0,0,0,2,1,0.5,1,1,1,0,0,0,0,0,0,0,0,20.3
9,9/24/2023,UNF,14,Z. Board,31',0,0,24,8,0.33,0,0,0,11,6,0.55,0,0,0,0,0,0,8,2,0.25,3,2,1.5,6,2,3,0,0,0,1,6,1,0.17,0,0,0,2,1,0.5,0,0,0,0,3,0,0,0,0,0,4,0,0,0,0,0,0,8,3,0.38,2,2,1,1,1,1,7,5,0.71,4,1,0.25,4,1,0.25,0,0,0,0,0,0,0,0,0,0,0,21.9
9,9/24/2023,UNF,4,A. Barnett,30',0,0,16,3,0.19,0,0,0,10,3,0.3,0,0,0,0,0,0,2,0,0,6,1,6,3,0,0,0,0,0,1,2,0,0,0,0,0,0,0,0,0,0,0,2,3,0,0,0,0,0,0,0,0,0,0,0,4,9,2,0.22,0,0,0,0,0,0,6,3,0.5,4,0,0,1,0,0,4,0,0,0,0,0,0,0,0,0,0,25.9
10,10/1/2023,UNF,16,R. Onwumere,95',0,0,89,70,0.79,0,0,0,59,54,0.92,0,0,0,1,0,0,21,14,0.67,10,5,2,13,2,7,0,0,0,0,9,7,0.78,3,1,0.33,2,1,0.5,7,5,0.71,0,1,5,0.2,1,1,1,1,1,1,0,0,0,7,19,16,0.84,10,10,1,19,18,0.95,55,51,0.93,4,3,0.75,14,13,0.93,15,11,0.73,0,0,0,0,0,0,0,0,20.7
10,10/1/2023,UNF,5,N. Kishenko,100',0,0,93,85,0.91,1,0,0,83,80,0.96,0,0,0,0,0,0,6,4,0.67,4,2,2,4,0,0,1,0,0,0,1,1,1,0,0,0,3,2,0.67,2,1,0.5,0,0,1,0,0,0,0,1,0,0,0,0,0,1,31,28,0.9,1,1,1,50,50,1,77,77,1,6,3,0.5,14,13,0.93,11,8,0.73,1,0,0,1,0,0,0,0,26.4
10,10/1/2023,UNF,2,F. Frenz,100',0,0,106,89,0.84,0,0,0,86,80,0.93,0,0,0,0,0,0,15,7,0.47,9,1,9,5,1,5,0,0,0,0,5,3,0.6,1,0,0,6,2,0.33,3,2,0.67,1,1,1,1,0,0,0,1,1,1,0,0,0,0,28,23,0.82,4,4,1,51,50,0.98,72,71,0.99,14,9,0.64,12,11,0.92,14,10,0.71,4,1,0.25,1,0,0,0,0,24.7
10,10/1/2023,UNF,21,A. Jokomba,70',0,1,41,20,0.49,0,0,0,11,7,0.64,2,1,0.5,6,4,0.67,25,12,0.48,7,2,3.5,4,3,1,2,0,0,0,5,3,0.6,12,5,0.42,3,2,0.67,5,2,0.4,1,1,1,1,0,0,0,2,1,2,0,0,0,4,1,0,0,2,2,1,5,3,0.6,8,5,0.63,1,1,1,2,2,1,0,0,0,0,0,0,0,1,0,0,1,15.1
10,10/1/2023,UNF,8,J. Yearwood,100',0,0,90,64,0.71,1,0,0,57,53,0.93,0,0,0,2,0,0,21,9,0.43,5,2,2.5,11,6,2,2,0,0,0,8,4,0.5,6,1,0.17,3,3,1,4,1,0.25,0,4,1,4,0,0,0,3,0,0,1,0,0,0,11,10,0.91,12,11,0.92,28,27,0.96,54,50,0.93,3,3,1,4,4,1,5,5,1,0,0,0,0,0,0,1,0,19.7
10,10/1/2023,UNF,3,H. Steigelman,100',0,0,64,43,0.67,0,0,0,43,32,0.74,4,1,0.25,1,1,1,13,8,0.62,9,4,2.25,10,2,5,0,0,0,0,5,4,0.8,5,2,0.4,1,1,1,2,1,0.5,0,4,1,4,1,0,0,0,1,0,1,0,4,13,14,8,0.57,10,9,0.9,14,11,0.79,35,30,0.86,5,1,0.2,10,5,0.5,2,2,1,2,0,0,0,1,0,0,1,18.3
10,10/1/2023,UNF,10,S. Beeks,74',0,0,70,38,0.54,0,0,0,36,30,0.83,1,0,0,5,2,0.4,15,7,0.47,7,1,7,2,1,2,2,2,0,0,3,2,0.67,8,3,0.38,0,0,0,4,2,0.5,0,1,0,0,1,0,0,0,1,0,0,0,0,1,6,4,0.67,14,12,0.86,10,9,0.9,32,28,0.88,3,2,0.67,3,3,1,5,3,0.6,0,0,0,0,0,1,0,0,18.1
10,10/1/2023,UNF,11,L. Granitur,85',1,0,54,21,0.39,6,3,0.5,11,9,0.82,0,0,0,4,2,0.5,20,9,0.45,7,1,7,1,1,1,4,0,0,1,5,2,0.4,9,4,0.44,4,1,0.25,2,2,1,0,1,0,0,0,0,0,3,3,1,1,1,2,0,4,2,0.5,2,2,1,5,5,1,9,8,0.89,2,1,0.5,2,1,0.5,4,3,0.75,0,0,0,1,0,0,0,1,20.3
10,10/1/2023,UNF,9,J. Acuna,90',0,0,41,11,0.27,1,0,0,5,3,0.6,1,0,0,6,3,0.5,24,8,0.33,6,0,0,2,2,1,2,2,0,0,4,2,0.5,10,3,0.3,2,0,0,8,3,0.38,0,1,1,1,1,0,0,3,1,3,0,0,0,0,1,1,1,1,1,1,1,1,1,4,3,0.75,0,0,0,1,1,1,0,0,0,0,0,0,0,0,0,0,0,35.4
10,10/1/2023,UNF,7,A. Taylor,30',0,0,12,8,0.67,0,0,0,6,5,0.83,1,1,1,1,0,0,6,3,0.5,3,0,0,1,1,1,0,0,0,0,2,2,1,1,0,0,2,0,0,1,1,1,0,0,0,0,0,0,0,0,0,0,0,0,0,1,2,1,0.5,2,2,1,2,2,1,5,4,0.8,0,0,0,2,2,1,0,0,0,0,0,0,0,0,0,0,0,17.8
10,10/1/2023,UNF,15,Miyakawa,65',0,0,45,36,0.8,0,0,0,34,32,0.94,0,0,0,2,0,0,7,4,0.57,5,2,2.5,3,1,3,0,0,0,0,2,2,1,3,1,0.33,1,1,1,1,0,0,0,1,1,1,0,0,0,0,1,0,0,0,0,0,9,7,0.78,6,6,1,16,16,1,33,31,0.94,1,1,1,4,4,1,3,2,0.67,1,1,1,1,1,0,0,1,19.2
10,10/1/2023,UNF,20,B. Masker,37',0,0,34,19,0.56,3,1,0.33,16,13,0.81,2,0,0,3,2,0.67,10,4,0.4,7,2,3.5,2,1,2,0,0,0,0,0,0,0,5,4,0.8,3,0,0,2,0,0,0,0,0,0,0,0,0,0,1,0,1,1,1,2,2,2,1,3,2,0.67,7,6,0.86,13,12,0.92,1,1,1,1,1,1,0,0,0,0,0,0,1,0,0,0,0,18
10,10/1/2023,UNF,19,J. Reinhardt,10',0,0,10,5,0.5,0,0,0,3,3,1,0,0,0,1,0,0,4,2,0.5,1,0,0,0,0,0,0,1,0,0,0,0,0,2,1,0.5,1,1,1,1,0,0,0,0,0,0,0,0,0,0,1,0,0,0,0,0,0,0,0,0,0,0,3,3,1,3,3,1,0,0,0,0,0,0,0,0,0,0,0,0,0,0,0,0,0,14.2
10,10/1/2023,UNF,25,S. Barrier,3',0,0,3,1,0.33,0,0,0,2,1,0.5,0,0,0,0,0,0,0,0,0,1,1,1,0,0,0,0,0,0,0,0,0,0,0,0,0,0,0,0,0,0,0,0,0,0,0,0,0,0,0,0,0,0,0,0,0,0,0,0,1,1,1,0,0,0,2,1,0.5,0,0,0,1,0,0,0,0,0,0,0,0,0,0,0,0,0,9.5
10,10/1/2023,FGCU,2,L. Barforosh,100',0,0,68,54,0.79,0,0,0,57,48,0.84,0,0,0,0,0,0,8,6,0.75,10,5,2,4,1,4,0,0,0,1,4,4,1,3,1,0.33,0,0,0,1,1,1,1,3,2,1.5,0,0,0,1,2,0.5,0,0,0,1,32,25,0.78,4,4,1,18,16,0.89,46,41,0.89,11,7,0.64,18,14,0.78,10,6,0.6,0,0,0,0,0,0,0,0,21
10,10/1/2023,FGCU,3,L. Windschauer,100',0,0,73,62,0.85,0,0,0,53,50,0.94,0,0,0,0,0,0,15,8,0.53,6,5,1.2,9,0,0,0,0,0,0,6,3,0.5,2,1,0.5,3,2,0.67,4,2,0.5,0,3,0,0,0,0,0,1,1,1,0,0,0,0,19,17,0.89,0,0,0,33,33,1,47,45,0.96,6,5,0.83,5,3,0.6,2,2,1,1,1,1,1,0,0,0,0,22.9
10,10/1/2023,FGCU,27,J. Bryant,100',0,0,67,52,0.78,0,0,0,47,39,0.83,0,0,0,1,1,1,15,9,0.6,11,6,1.83,10,0,0,0,0,0,0,5,3,0.6,3,2,0.67,2,1,0.5,5,3,0.6,0,4,1,4,0,0,0,0,2,0,0,0,0,1,19,14,0.74,1,1,1,22,19,0.86,37,33,0.89,10,6,0.6,7,3,0.43,2,1,0.5,0,0,0,0,0,0,0,0,22
10,10/1/2023,FGCU,15,N. Reid-Stephen,97',0,0,47,21,0.45,2,1,0.5,18,14,0.78,1,0,0,3,2,0.67,21,6,0.29,9,5,1.8,3,0,0,2,0,0,0,3,2,0.67,11,2,0.18,4,1,0.25,3,1,0.33,0,6,2,3,0,0,0,0,0,0,0,0,2,3,1,1,1,8,8,1,4,3,0.75,15,12,0.8,2,2,1,4,1,0.25,1,1,1,0,0,0,1,0,0,0,2,18.8
10,10/1/2023,FGCU,22,J. Hammond,95',0,0,68,56,0.82,0,0,0,49,47,0.96,0,0,0,0,0,0,11,6,0.55,6,4,1.5,6,2,3,0,0,0,0,6,3,0.5,2,1,0.5,2,1,0.5,1,1,1,0,3,1,3,0,0,0,1,1,1,0,0,0,0,10,8,0.8,11,11,1,25,25,1,48,47,0.98,1,0,0,5,4,0.8,4,2,0.5,0,0,0,0,0,0,0,0,19.3
10,10/1/2023,FGCU,14,A. Drey,89',0,0,78,56,0.72,0,0,0,50,47,0.94,0,0,0,0,0,0,19,8,0.42,5,1,5,7,3,2,0,0,0,0,7,4,0.57,0,0,0,6,2,0.33,6,2,0.33,0,2,4,0.5,1,1,1,3,0,0,0,0,0,0,11,9,0.82,8,8,1,27,26,0.96,42,41,0.98,8,6,0.75,3,3,1,6,4,0.67,1,1,1,0,0,0,0,0,23.6
10,10/1/2023,FGCU,26,J. Choute,89',0,0,53,19,0.36,0,0,0,14,7,0.5,1,0,0,5,1,0.2,29,12,0.41,8,1,8,4,2,2,2,0,0,0,10,8,0.8,11,2,0.18,1,1,1,7,1,0.14,0,4,1,4,0,0,0,2,1,2,0,0,0,11,2,1,0.5,2,1,0.5,7,4,0.57,11,6,0.55,2,1,0.5,2,1,0.5,0,0,0,0,0,0,1,0,0,0,0,24.1
10,10/1/2023,FGCU,28,L. Lugo,45',0,0,27,14,0.52,0,0,0,9,8,0.89,1,0,0,0,0,0,13,6,0.46,3,0,0,4,3,1,1,0,0,0,3,2,0.67,6,3,0.5,2,1,0.5,2,0,0,0,1,0,0,0,0,0,1,3,0.33,0,0,0,1,1,1,1,5,4,0.8,2,2,1,8,8,1,0,0,0,0,0,0,0,0,0,0,0,0,0,0,0,0,0,14.4
10,10/1/2023,FGCU,7,S. Yoshida,66',1,0,33,21,0.64,1,1,1,18,16,0.89,0,0,0,0,0,0,12,4,0.33,5,1,5,3,3,1,2,0,0,0,3,2,0.67,4,0,0,0,0,0,5,2,0.4,0,2,0,0,0,0,0,0,0,0,0,0,1,0,2,1,0.5,7,7,1,5,4,0.8,18,16,0.89,0,0,0,1,1,1,2,0,0,0,0,0,1,0,0,0,0,12.6
10,10/1/2023,FGCU,11,G. Ferrari,50',1,0,24,13,0.54,1,1,1,7,6,0.86,0,0,0,0,0,0,16,6,0.38,4,1,4,0,0,0,0,0,0,0,6,5,0.83,5,1,0.2,2,0,0,3,0,0,0,0,0,0,0,0,0,0,1,0,0,0,0,0,3,2,0.67,2,2,1,0,0,0,6,5,0.83,1,1,1,2,2,1,2,1,0.5,0,0,0,1,0,0,0,0,19.2
10,10/1/2023,FGCU,10,L. Ameres,14',0,0,11,7,0.64,0,0,0,6,6,1,0,0,0,0,0,0,3,1,0.33,1,0,0,0,0,0,0,0,0,0,0,0,0,0,0,0,1,1,1,2,0,0,0,0,0,0,0,0,0,0,0,0,0,0,0,0,2,2,1,2,2,1,2,2,1,6,6,1,0,0,0,1,1,1,0,0,0,0,0,0,1,1,0,0,1,12.7
10,10/1/2023,FGCU,33,A. Lopez,39',0,0,25,13,0.52,0,0,0,11,9,0.82,0,0,0,0,0,0,8,4,0.5,1,1,1,5,1,5,0,1,0,0,6,3,0.5,0,0,0,1,1,1,1,0,0,0,3,0,0,0,0,0,1,0,0,0,0,0,0,3,3,1,2,2,1,3,1,0.33,10,9,0.9,1,0,0,2,1,0.5,0,0,0,0,0,0,0,0,0,0,0,15
10,10/1/2023,FGCU,16,P. Santanach,23',0,0,20,7,0.35,1,0,0,5,5,1,0,0,0,1,0,0,12,2,0.17,1,1,1,1,1,1,0,0,0,0,1,0,0,7,2,0.29,0,0,0,4,0,0,0,1,0,0,1,0,0,0,1,0,0,0,0,0,1,1,1,1,1,1,3,3,1,5,5,1,0,0,0,0,0,0,1,1,1,0,0,0,0,0,0,0,0,20.6
10,10/1/2023,FGCU,35,S. Maraver,3',0,0,1,1,1,0,0,0,1,1,1,0,0,0,0,0,0,0,0,0,0,0,0,0,0,0,0,0,0,0,0,0,0,0,0,0,0,0,0,0,0,0,0,0,0,0,0,0,0,0,0,0,0,0,0,0,0,0,0,0,0,0,1,1,1,1,1,1,0,0,0,1,1,1,0,0,0,0,0,0,0,0,0,0,0,12.6
10,10/1/2023,FGCU,9,L. Peperak,3',0,0,2,0,0,0,0,0,0,0,0,0,0,0,0,0,0,0,0,0,1,0,0,0,0,0,0,0,0,0,0,0,0,0,0,0,0,0,0,0,0,0,0,1,0,0,0,0,0,0,0,0,0,0,0,0,0,0,0,0,0,0,0,0,0,0,0,0,0,0,0,0,0,0,0,0,0,0,0,0,0,0,0,0,0,NaN
10,10/1/2023,FGCU,17,J. Murphy,16',0,0,10,4,0.4,0,0,0,2,2,1,0,0,0,0,0,0,6,2,0.33,3,0,0,1,1,1,0,0,0,0,1,1,1,1,0,0,3,0,0,1,1,1,0,0,0,0,1,1,1,1,1,1,0,0,0,0,0,0,0,1,1,1,1,1,1,2,2,1,0,0,0,0,0,0,0,0,0,0,0,0,0,0,0,0,0,18.6
10,10/1/2023,FGCU,4,A. Rowan,20',0,0,11,5,0.45,1,1,1,2,2,1,0,0,0,0,0,0,5,2,0.4,1,0,0,1,0,0,1,0,0,1,4,1,0.25,0,0,0,1,1,1,0,0,0,0,1,0,0,0,0,0,2,0,0,0,0,0,2,0,0,0,0,0,0,2,2,1,2,2,1,0,0,0,1,1,1,0,0,0,0,0,0,0,0,0,0,0,24.6
10,10/1/2023,FGCU,20,R. McKinzy II,20',0,0,7,4,0.57,0,0,0,1,1,1,0,0,0,0,0,0,6,3,0.5,1,1,1,1,0,0,0,0,0,0,2,1,0.5,2,1,0.5,1,0,0,1,1,1,1,1,0,0,0,0,0,0,1,0,0,0,0,2,1,1,1,0,0,0,0,0,0,1,1,1,0,0,0,0,0,0,0,0,0,0,0,0,0,0,0,0,0,3.8
10,10/1/2023,FGCU,23,Z. Oswald,16',0,0,9,3,0.33,0,0,0,1,1,1,0,0,0,0,0,0,5,2,0.4,0,0,0,1,0,0,0,0,0,0,0,0,0,0,0,0,2,1,0.5,3,1,0.33,0,0,1,0,0,0,0,1,0,0,0,0,0,0,0,0,0,0,0,0,1,1,1,0,0,0,1,1,1,0,0,0,0,0,0,0,0,0,0,0,0,0,0,43.5
10,10/1/2023,FGCU,6,L. Dahl,16',0,0,6,4,0.67,0,0,0,2,2,1,0,0,0,0,0,0,2,2,1,2,1,2,2,0,0,0,0,0,0,1,1,1,0,0,0,1,1,1,0,0,0,0,1,1,1,0,0,0,0,0,0,0,0,0,0,2,2,1,0,0,0,0,0,0,2,2,1,0,0,0,0,0,0,0,0,0,0,0,0,0,0,0,0,0,11
11,10/15/2023,BeU,23,B. Pope,98',0,0,71,39,0.55,0,0,0,33,25,0.76,4,1,0.25,2,1,0.5,26,13,0.5,22,7,3.14,10,2,5,1,0,0,0,8,5,0.63,3,1,0.33,10,4,0.4,5,3,0.6,1,7,6,1.17,0,0,0,0,1,0,0,0,0,18,12,8,0.67,7,7,1,11,7,0.64,24,20,0.83,6,4,0.67,9,5,0.56,4,3,0.75,1,0,0,1,1,0,0,2,20.8
11,10/15/2023,BeU,20,J. Cox,98',0,0,50,33,0.66,2,1,0.5,29,20,0.69,0,0,0,0,0,0,14,10,0.71,10,6,1.67,13,0,0,1,0,0,0,6,5,0.83,1,1,1,5,2,0.4,2,2,1,1,4,7,0.57,1,0,0,0,1,0,0,0,0,0,13,7,0.54,2,2,1,13,11,0.85,22,17,0.77,7,3,0.43,6,3,0.5,1,1,1,0,0,0,0,0,0,0,0,23
11,10/15/2023,BeU,4,J. Kirn,98',0,0,35,11,0.31,0,0,0,16,6,0.38,0,0,0,0,0,0,12,5,0.42,12,8,1.5,6,0,0,0,0,0,0,4,2,0.5,0,0,0,7,3,0.43,1,0,0,0,6,6,1,0,0,0,1,1,1,0,0,0,0,10,2,0.2,0,0,0,4,3,0.75,12,6,0.5,4,0,0,6,1,0.17,4,1,0.25,2,0,0,0,0,0,0,0,22.6
11,10/15/2023,BeU,5,A. Yowell,98',0,0,63,29,0.46,0,0,0,29,13,0.45,0,0,0,2,2,1,13,7,0.54,18,8,2.25,10,0,0,0,0,0,0,4,2,0.5,3,2,0.67,6,3,0.5,0,0,0,1,9,10,0.9,0,0,0,2,0,0,3,0,0,7,18,5,0.28,2,2,1,8,5,0.63,15,9,0.6,14,4,0.29,11,6,0.55,10,3,0.3,3,0,0,0,0,0,0,0,28.6
11,10/15/2023,BeU,19,C. Sjöberg,51',0,0,34,16,0.47,0,0,0,10,7,0.7,0,0,0,4,1,0.25,13,7,0.54,7,3,2.33,1,0,0,1,0,0,0,5,4,0.8,7,3,0.43,0,0,0,1,0,0,0,1,1,1,0,0,0,0,0,0,0,0,0,0,1,0,0,4,3,0.75,5,4,0.8,10,7,0.7,0,0,0,2,0,0,0,0,0,0,0,0,0,0,0,0,1,15.1
11,10/15/2023,BeU,8,B. Schoemehl,91',0,0,69,32,0.46,2,0,0,26,17,0.65,0,0,0,4,2,0.5,30,15,0.5,10,2,5,14,6,2,0,0,0,1,7,5,0.71,9,4,0.44,9,5,0.56,5,1,0.2,1,9,3,3,0,0,0,2,2,1,1,1,0,0,10,4,0.4,3,3,1,12,9,0.75,22,17,0.77,4,0,0,3,3,1,8,2,0.25,0,0,0,0,0,0,0,0,21.3
11,10/15/2023,BeU,6,R. Shalash,60',0,0,24,20,0.83,0,0,0,14,14,1,0,0,0,0,0,0,6,5,0.83,2,1,2,8,6,1,0,0,0,0,2,2,1,1,0,0,2,2,1,1,1,1,0,3,2,1.5,0,0,0,0,0,0,0,0,1,0,1,1,1,1,1,1,10,10,1,13,13,1,1,1,1,2,2,1,2,2,1,1,1,1,1,1,0,0,1,21.1
11,10/15/2023,BeU,18,J. Fischer,80',1,0,34,15,0.44,2,1,0.5,15,7,0.47,1,0,0,1,1,1,11,6,0.55,8,3,2.67,4,2,2,2,0,0,0,5,3,0.6,4,2,0.5,0,0,0,2,1,0.5,0,2,3,0.67,0,0,0,0,1,0,1,0,2,0,7,2,0.29,4,3,0.75,3,1,0.33,10,6,0.6,4,1,0.25,5,3,0.6,4,3,0.75,0,0,0,0,0,0,0,2,20.7
11,10/15/2023,BeU,10,B. Griffis,44',0,1,41,14,0.34,2,1,0.5,10,7,0.7,1,1,1,1,1,1,18,6,0.33,6,0,0,5,4,1,4,0,0,0,2,1,0.5,6,2,0.33,6,2,0.33,4,1,0.25,0,4,0,0,0,0,0,1,2,0.5,0,0,0,0,3,1,0.33,1,1,1,3,3,1,9,6,0.67,0,0,0,1,1,1,1,0,0,0,0,0,0,2,0,0,1,11
11,10/15/2023,BeU,12,J. Ballas,59',1,0,61,26,0.43,3,2,0.67,13,10,0.77,1,0,0,3,2,0.67,29,14,0.48,6,0,0,5,4,1,2,0,0,0,7,4,0.57,9,4,0.44,4,2,0.5,9,4,0.44,0,3,0,0,0,0,0,3,3,1,0,0,0,0,2,1,0.5,3,3,1,4,4,1,11,9,0.82,1,1,1,0,0,0,1,1,1,0,0,0,0,0,0,0,0,20.4
11,10/15/2023,BeU,7,A. Halevy,38',0,0,37,9,0.24,0,0,0,5,3,0.6,0,0,0,0,0,0,16,6,0.38,5,1,5,1,0,0,0,1,0,0,8,4,0.5,4,0,0,2,1,0.5,2,1,0.5,0,2,0,0,0,0,0,1,0,0,0,0,0,0,1,0,0,1,1,1,2,1,0.5,5,3,0.6,0,0,0,0,0,0,1,0,0,0,0,0,0,0,0,0,0,12.5
11,10/15/2023,BeU,9,C. Shust,46',0,0,46,14,0.3,0,0,0,5,5,1,0,0,0,4,1,0.25,28,8,0.29,12,8,1.5,6,1,6,1,0,0,0,7,5,0.71,8,1,0.13,5,1,0.2,8,1,0.13,0,6,3,2,0,0,0,3,1,3,0,0,0,0,2,2,1,0,0,0,2,2,1,5,5,1,0,0,0,0,0,0,0,0,0,0,0,0,0,0,0,0,0,14.7
11,10/15/2023,BeU,22,J. Marks,37',0,0,20,8,0.4,0,0,0,5,4,0.8,0,0,0,2,0,0,8,4,0.5,3,2,1.5,4,1,4,0,0,0,0,2,2,1,4,1,0.25,2,1,0.5,0,0,0,1,5,4,1.25,0,0,0,1,0,0,0,0,0,0,3,2,0.67,2,2,1,0,0,0,4,3,0.75,1,1,1,2,1,0.5,1,1,1,0,0,0,0,0,0,0,0,15.7
11,10/15/2023,BeU,31,C. Folds,38',0,0,25,13,0.52,0,0,0,13,11,0.85,0,0,0,0,0,0,5,1,0.2,6,2,3,5,3,2,0,0,0,0,2,1,0.5,1,0,0,0,0,0,2,0,0,0,5,4,1.25,0,0,0,2,0,0,0,0,0,0,6,5,0.83,1,0,0,4,4,1,12,10,0.83,1,1,1,1,1,1,3,2,0.67,0,0,0,0,0,0,0,0,19.1
11,10/15/2023,BeU,21,T. Stickley,26',0,0,12,6,0.5,1,1,1,3,2,0.67,0,0,0,0,0,0,6,3,0.5,2,0,0,2,1,2,2,0,0,0,3,2,0.67,1,0,0,1,1,1,1,0,0,0,1,0,0,0,0,0,0,1,0,0,0,0,1,2,1,0.5,1,1,1,0,0,0,3,2,0.67,0,0,0,1,1,1,1,1,1,0,0,0,0,0,0,0,0,13
11,10/15/2023,BeU,33,T. McCrery,7',0,0,7,4,0.57,0,0,0,5,2,0.4,0,0,0,0,0,0,2,2,1,2,1,2,3,1,3,0,0,0,0,0,0,0,0,0,0,1,1,1,1,1,1,0,1,0,0,0,0,0,0,0,0,0,0,0,0,4,2,0.5,0,0,0,0,0,0,3,2,0.67,2,0,0,3,1,0.33,0,0,0,0,0,0,0,0,0,0,0,21
11,10/15/2023,BeU,2,C. Morgan,1',0,0,0,0,0,0,0,0,0,0,0,0,0,0,0,0,0,0,0,0,0,0,0,0,0,0,0,0,0,0,0,0,0,0,0,0,0,0,0,0,0,0,0,0,0,0,0,0,0,0,0,0,0,0,0,0,0,0,0,0,0,0,0,0,0,0,0,0,0,0,0,0,0,0,0,0,0,0,0,0,0,0,0,0,0,NaN
11,10/15/2023,BeU,32,K. Svahnqvist,11',0,0,4,1,0.25,0,0,0,1,1,1,0,0,0,0,0,0,1,0,0,1,1,1,0,0,0,0,0,0,0,0,0,0,0,0,0,1,0,0,0,0,0,0,0,1,0,0,0,0,0,0,0,0,0,0,0,1,1,1,0,0,0,0,0,0,0,0,0,1,1,1,1,1,1,1,1,1,0,0,0,0,0,0,0,0,58.5
11,10/15/2023,UNF,27,E. Ash,98',0,0,81,58,0.72,0,0,0,57,46,0.81,6,4,0.67,3,2,0.67,15,8,0.53,10,2,5,11,4,3,0,0,0,0,4,2,0.5,7,4,0.57,2,1,0.5,2,1,0.5,0,4,3,1.33,1,0,0,0,2,0,0,0,0,7,19,13,0.68,9,8,0.89,22,20,0.91,43,41,0.95,8,1,0.13,12,10,0.83,5,2,0.4,0,0,0,0,1,0,0,1,18.8
11,10/15/2023,UNF,5,N. Kishenko,98',0,0,119,92,0.77,1,0,0,83,76,0.92,0,0,0,0,0,0,29,15,0.52,10,3,3.33,15,0,0,1,0,0,0,6,5,0.83,6,3,0.5,10,3,0.3,7,4,0.57,0,3,1,3,1,1,1,2,1,2,0,0,0,0,24,18,0.75,2,2,1,53,52,0.98,76,73,0.96,7,3,0.43,9,5,0.56,4,2,0.5,1,0,0,0,0,0,0,0,22.7
11,10/15/2023,UNF,2,F. Frenz,98',0,1,124,93,0.75,2,1,0.5,86,75,0.87,1,0,0,4,3,0.75,30,15,0.5,12,8,1.5,14,1,14,1,0,0,0,9,6,0.67,5,3,0.6,9,3,0.33,7,3,0.43,1,7,2,3.5,0,0,0,2,0,0,0,0,0,0,35,26,0.74,2,2,1,43,42,0.98,79,72,0.91,6,3,0.5,22,14,0.64,12,9,0.75,0,0,0,1,0,0,0,0,21.2
11,10/15/2023,UNF,3,H. Steigelman,98',0,0,86,47,0.55,2,0,0,57,39,0.68,8,3,0.38,3,1,0.33,17,8,0.47,18,8,2.25,9,2,5,1,0,0,0,4,3,0.75,5,1,0.2,4,1,0.25,4,3,0.75,0,8,4,2,0,0,0,0,0,0,2,0,4,10,21,13,0.62,8,7,0.88,20,14,0.7,41,33,0.8,9,4,0.44,19,14,0.74,13,9,0.69,1,0,0,1,0,0,0,2,18
11,10/15/2023,UNF,6,B. Burka,98',0,0,119,78,0.66,3,0,0,75,61,0.81,1,1,1,1,1,1,25,10,0.4,16,5,3.2,14,6,2,2,0,0,1,6,2,0.33,2,1,0.5,12,5,0.42,5,2,0.4,0,9,1,9,0,0,0,5,4,1.25,4,1,0,0,24,16,0.67,9,8,0.89,35,33,0.94,68,57,0.84,6,3,0.5,13,10,0.77,15,11,0.73,1,0,0,1,0,0,0,1,19.5
11,10/15/2023,UNF,15,Miyakawa,98',0,0,73,47,0.64,1,1,1,44,34,0.77,0,0,0,3,1,0.33,26,12,0.46,17,5,3.4,7,5,1,1,0,0,0,6,4,0.67,11,5,0.45,4,2,0.5,5,1,0.2,0,0,0,0,0,0,0,1,2,0.5,0,0,0,0,18,14,0.78,8,6,0.75,10,10,1,39,31,0.79,5,3,0.6,9,8,0.89,9,8,0.89,1,0,0,1,1,0,0,1,16.1
11,10/15/2023,UNF,20,B. Masker,46',0,0,29,9,0.31,2,0,0,8,4,0.5,2,0,0,4,4,1,14,5,0.36,10,2,5,4,4,1,2,0,0,0,2,1,0.5,8,4,0.5,1,0,0,3,0,0,0,1,0,0,0,0,0,0,1,0,0,0,1,5,1,0,0,3,3,1,0,0,0,6,4,0.67,0,0,0,0,0,0,0,0,0,0,0,0,0,0,1,0,1,24
11,10/15/2023,UNF,17,J. Harris,41',0,0,26,16,0.62,0,0,0,16,12,0.75,0,0,0,2,2,1,9,4,0.44,5,1,5,0,0,0,0,0,0,0,3,2,0.67,4,2,0.5,1,0,0,1,0,0,0,3,1,3,0,0,0,0,0,0,0,0,1,0,7,5,0.71,3,3,1,3,2,0.67,15,11,0.73,1,1,1,2,2,1,3,2,0.67,0,0,0,0,1,0,0,2,16.8
11,10/15/2023,UNF,11,L. Granitur,98',0,0,49,23,0.47,2,0,0,18,15,0.83,4,1,0.25,11,4,0.36,23,8,0.35,7,2,3.5,1,1,1,3,0,0,0,2,2,1,15,4,0.27,4,1,0.25,2,1,0.5,0,1,1,1,0,0,0,1,1,1,0,0,3,0,4,3,0.75,5,5,1,7,7,1,13,13,1,1,1,1,4,4,1,2,2,1,0,0,0,1,0,0,0,2,18.5
11,10/15/2023,UNF,9,J. Acuna,98',1,0,40,14,0.35,3,2,0.67,5,4,0.8,0,0,0,3,1,0.33,26,8,0.31,12,1,12,2,0,0,6,0,0,0,2,1,0.5,10,1,0.1,12,5,0.42,2,1,0.5,0,1,1,1,0,0,0,2,2,1,0,0,0,0,2,1,0.5,1,1,1,0,0,0,5,4,0.8,0,0,0,0,0,0,0,0,0,0,0,0,1,0,0,0,1,10.3
11,10/15/2023,UNF,24,O. Cunha,58',0,0,41,22,0.54,1,0,0,22,14,0.64,3,1,0.33,1,1,1,12,8,0.67,13,2,6.5,5,4,1,2,0,0,0,6,4,0.67,4,2,0.5,2,2,1,0,0,0,0,6,1,6,1,1,1,1,1,1,0,0,0,6,10,5,0.5,4,4,1,4,3,0.75,17,13,0.76,2,0,0,3,2,0.67,1,0,0,0,0,0,0,0,0,0,1,17.5
11,10/15/2023,UNF,10,S. Beeks,51',0,0,41,22,0.54,1,0,0,22,16,0.73,1,0,0,1,1,1,14,6,0.43,9,3,3,7,5,1,1,0,0,0,0,0,0,5,2,0.4,4,1,0.25,5,3,0.6,1,4,0,0,0,0,0,1,0,0,0,0,0,0,5,2,0.4,5,5,1,10,9,0.9,21,16,0.76,0,0,0,0,0,0,1,1,1,0,0,0,0,0,0,0,1,15
